ID,Plant,Height,Width 1,Width 2,Stem Diameter,Pot Size,Date Planted,Notes
1,ENCA (Pink),46.1,15.84,9.47,0.37,,1/17/20,
2,CEOL (Orange),25.6,7.8,7.68,0.28,,1/17/20,
3,ENCA (Pink),23,27,8.4,0.4,,1/17/20,
4,ENCA (Pink),15,35.5,15,0.33,,1/17/20,
5,CEOL (Orange),5.6,5.6,4,0.19,,3/27/20,replant and moved
6,HEWH (White),17,33,28,,,1/17/20,
7,SAME (Orange + Pink),20.2,5.9,5.3,0.31,,2/20,
8,SANI (Orange + Yellow),9.5,19.5,21.25,0.5,,2/13/20,
9,SANI (Orange + Yellow),21.5,9.5,9.25,0.24,,2/13/20,
10,RHOV (White + Pink),9.5,6.5,5,0.26,,1/17/20,
11,SANI (Orange + Yellow),14.7,25.8,25.3,0.35,,2/13/20,
12,CEOL (Orange),15,15.5,5,0.26,,1/17/20,
13,HEWH (White),23,40,19.5,,,1/17/20,
14,HEWH (White),17,33.5,21,,,1/17/20,
15,CEOL (Orange),27,8,8.5,0.28,,1/17/20,
16,SANI (Orange + Yellow),9.8,17,11.8,0.33,,2/13/20,
17,SAAP (White + Green),12.9,17.3,12.1,0.31,,2/13/20,
18,SAME (Orange + Pink),10.3,8.1,7.6,0.41,,2/20/20,
19,ENCA (Pink),29.5,23,11.5,0.4,,1/17/20,"""this guy is hype"""
20,MALA (White + Yellow),32.8,16.4,14.4,0.47,,2/13/20,
21,SAAP (White + Green),19.4,14,12.8,0.35,,2/13/20,
22,CEOL (Orange),25,10,10,0.26,,1/17/20,
23,ENCA (Pink),33,10,8.5,0.29,,1/17/20,
24,HEWH (White),16,52,16,,,1/17/20,
25,CEOL (Orange),29.5,7,5,0.27,,1/17/20,
26,ENCA (Pink),51.1,1,10.8,0.4,,3/19/20,replant
27,SAME (Orange + Pink),20.25,7.25,5,0.35,,2/20/20,
28,SAME (Orange + Pink),8.5,4,4,0.26,,2/20/20,
29,SANI (Orange + Yellow),9,16.25,8.5,0.3,,2/14/20,
30,SAME (Orange + Pink),20.25,8.5,7.25,0.5,,2/20/20,
31,CEOL (Orange),37.6,10.1,11.7,0.0836,,1/25/20,
32,SANI (Orange + Yellow),31.5,13.25,11,0.33,,2/13/20,
33,MALA (White + Yellow),45,20.75,7.75,0.31,,2/13/20,
34,ADFA (Orange + Green),50.5,65.7,62.1,0.82,1 GAL ,1/21/20,
35,ADFA (Orange + Green),30.8,47.5,41.2,0.62,1 GAL ,1/21/20,
36,SAME (Orange + Pink),,,,,,,already planted
37,MALA (White + Yellow),42.25,17.25,16,0.5,,2/13/20,
38,HEWH (White),18.4,31,14,,,1/18/20,
39,CEOL (Orange),8.6,11.1,5.7,0.2,,3/27/20,replant
40,CEOL (Orange),25.5,14.2,10.6,0.054,,1/25/20,
41,CEOL (Orange),31,9.8,12,0.0538,,1/25/20,
42,HEWH (White),30,15,10,NA,,1/18/20,
43,ENCA (Pink),39,16,12,0.3,,1/18/20,
44,ENCA (Pink),22,27,22,0.4,,1/18/20,
45,ENCA (Pink),33,17,12,0.25,,1/18/20,
46,HEWH (White),18,27,0.5,0.48,,1/18/20,
47,SAME (Orange + Pink),14.25,6.5,5.25,0.27,,2/20/20,
48,RHOV (White + Pink),13,9,8,0.5,,1/18/20,
49,HEWH (White),15,32.5,24,,,1/18/20,
50,RHOV (White + Pink),12,9,7,0.5,,1/18/20,
51,SAAP (White + Green),24.75,19.25,10.75,0.37,,2/13/20,
52,HEWH (White),18.8,25,1.5,,,1/18/20,
53,ADFA (Orange + Green),52.5,59,62,0.67,1 GAL ,1/21/20,
54,CEOL (Orange),31.4,9.2,10.3,0.311,,1/25/20,
55,HEWH (White),18.6,39.3,31.2,,,1/18/20,
56,HEWH (White),27.5,30.5,22.2,,,1/18/20,
57,ENCA (Pink),33.4,7,6,0.41,,1/18/20,
58,CEOL (Orange),18.7,10.3,9.3,0.261,,1/25/20,
59,MALA (White + Yellow),40,14.75,14.5,0.59,,2/13/20,
60,SAAP (White + Green),19.75,13.25,14,0.34,,2/13/20,
61,ENCA (Pink),41,10,9,0.28,,1/18/20,
62,HEWH (White),16,38,28,NA,,1/18/20,
63,HEWH (White),28,31,31,NA,,1/18/20,
64,SANI (Orange + Yellow),8,13.75,9,0.31,,2/13/20,
65,CEOL (Orange),31.3,9.5,8.8,0.0535,,1/25/20,
66,ENCA (Pink),52.4,25.6,13.3,0.45,,3/19/20,replant
67,CEOL (Orange),40.2,7.5,7.3,0.014,,1/25/20,
68,HEWH (White),19,27,27,NA,,1/18/20,
69,HEWH (White),20,42,27,NA,,1/18/20,
70,HEWH (White),18,23,10,NA,,1/18/20,
71,SAME (Orange + Pink),12.25,5.75,5.5,0.5,,2/20,
72,MALA (White + Yellow),30,17.75,18.75,0.47,,2/14/20,
73,CEOL (Orange),23.2,14.5,12.4,0.1073,,1/25/20,
74,HEWH (White),20.6,34,22.6,      -------------,,1/21/20,
75,RHOV (White + Pink),13.2,9.4,6.8,0.59,,1/21/20,
76,HEWH (White),22.4,34.5,11.7,,,1/18/20,
77,RHOV (White + Pink),19,12,8.8,0.54,,1/18/20,
78,ENCA (Pink),29.8,9,8.5,0.35,,1/18/20,
79,SAAP (White + Green),18.5,16.75,11,0.54,,2/13,
80,MALA (White + Yellow),36.5,14.25,13.75,0.38,,2/13,
81,SAAP (White + Green),19,16.5,15,0.4,,2/13/20,
82,CEOL (Orange),19,14.5,5.25,0.32,,2/20/20,
83,SAAP (White + Green),27.5,15.75,15.5,0.45,,2/13/20,
84,RHOV (White + Pink),10.4,7.2,7.5,0.33,,1/21/20,
85,CEOL (Orange),19.5,11.5,6.7,0.228,,1/25/20,
86,CEOL (Orange),23.75,8,7.5,0.39,,2/20/20,
87,ENCA (Pink),19.1,6.8,8.6,0.27,,1/21/20,
88,SAAP (White + Green),25.75,16,12.5,0.47,,2/14/20,
89,ENCA (Pink),35.4,17,13.7,0.27,,1/21/20,
90,ADFA (Orange + Green),41.8,45.4,41.8,0.63,1 GAL ,1/21/20,
91,RHOV (White + Pink),11.3,6.1,4.4,0.27,,1/21/20,
92,ENCA (Pink),18,14,7.5,0.2,,1/18/20,
93,HEWH (White),17,19.8,18,,,1/18/20,
94,SAME (Orange + Pink),14.5,8.75,7,0.41,,2/20,
95,HEWH (White),14.9,38.4,18,,,1/21/20,
96,SANI (Orange + Yellow),25.25,9,9,0.26,,2/13,
97,SAAP (White + Green),19.25,14.25,12.25,0.65,,2/13,
98,SANI (Orange + Yellow),11,18.75,18.5,0.38,,2/13,
99,CEOL (Orange),22.1,11.9,6.7,0.27,,1/25/20,
100,SAAP (White + Green),25.75,13.75,13.75,0.53,,2/14,
101,ENCA (Pink),18,28.9,20.2,0.29,,1/17/20,
102,SAME (Orange + Pink),8.5,10.9,7.8,0.23,,2/20/20,
103,ENCA (Pink),23.6,19.5,9.7,0.27,,1/17/20,
104,ADFA (Orange + Green),58.7,54,37.6,0.83,1 GAL ,1/17/20,
105,MALA (White + Yellow),36.4,14.7,12.4,0.34,,2/13/20,
106,RHOV (White + Pink),10.29,9.19,5.03,0.57,,1/17/20,
107,MALA (White + Yellow),33.8,12.1,10.9,0.34,,2/13/20,
108,ENCA (Pink),17.6,19.2,11.8,0.3,,1/17/20,
109,RHOV (White + Pink),12.88,10.72,5.15,0.49,,1/17/20,
110,RHOV (White + Pink),11.5,8,5.5,0.39,,1/17/20,
111,SAAP (White + Green),19.3,18.1,14.7,0.48,,2/13/20,
112,HEWH (White),29.5,11.5,10.5,,,1/17/20,
113,ADFA (Orange + Green),38.5,67,46,0.62,1 GAL ,1/17/20,
114,CEOL (Orange),16.203,10.85,9.592,0.43,,1/17/20,
115,CEOL (Orange),30,7,6.5,0.32,,1/17/20,
116,ENCA (Pink),29.5,6.5,6.5,0.35,,1/17/20,
117,SAME (Orange + Pink),15.3,7.4,6.3,0.34,,2/20/20,
118,SAAP (White + Green),25.2,15.9,14.6,0.48,,2/13/20,
119,HEWH (White),15.5,40,18.4,,,1/17/20,
120,ENCA (Pink),22,14,12,0.41,,1/17/20,
121,SAME (Orange + Pink),8.3,9.7,7.4,0.28,,2/20/20,
122,CEOL (Orange),30.6,12.7,9.8,0.28,,2/13/20,
123,SAME (Orange + Pink),10.8,7.1,6.7,0.29,,2/20/20,
124,RHOV (White + Pink),9.5,6,6.5,0.35,,1/17/20,
125,CEOL (Orange),27.5,13,9.5,0.3,,1/17/20,
126,SANI (Orange + Yellow),9.1,16.4,12.4,0.32,,2/13/20,
127,CEOL (Orange),14.88,8.385,6.977,0.233,,1/17/20,
128,ENCA (Pink),27.5,7.5,5.5,0.32,,1/17/20,
129,ENCA (Pink),49,12,7,0.41,,1/17/20,
130,RHOV (White + Pink),14.6,9.8,14.4,0.63,,1/18/20,
131,MALA (White + Yellow),34.6,23.6,10.2,0.4,,2/13/20,
132,RHOV (White + Pink),8.5,6,4.5,0.32,,1/17/20,
133,HEWH (White),28.5,39,13,,,1/17/20,
134,ENCA (Pink),31,7.5,7,0.38,,1/17/20,rocky plot 
135,SAAP (White + Green),25.2,18.9,15.5,0.37,,2/13,
136,ENCA (Pink),43.2,15,10.5,0.66,,1/18/20,
137,SAAP (White + Green),22.2,13.4,12.1,0.36,,2/13,
138,ADFA (Orange + Green),72,42,34,0.673,1 GAL ,1/21/20,
139,ADFA (Orange + Green),51,74,37,0.585,1 GAL ,1/21/20,
140,SANI (Orange + Yellow),14.6,28.5,24.3,0.4,,2/14,
141,HEWH (White),23.5,34,12,,,1/21/20,
142,RHOV (White + Pink),16,7.2,7.8,0.46,,1/21/20,
143,ENCA (Pink),25.6,6.8,5.4,0.373,,1/18/20,
144,HEWH (White),28.9,39.6,16.5,,,1/18/20,
145,CEOL (Orange),21.5,7.8,6.7,0.3,,2/14,
146,CEOL (Orange),15.9,9.7,8.3,0.22,,2/27,
147,RHOV (White + Pink),9.7,7,4,0.4,,1/18/20,
148,MALA (White + Yellow),22.4,12,10.2,0.37,,2/13,
149,ENCA (Pink),33.2,7.1,9.6,0.38,,1/18/20,
150,MALA (White + Yellow),33.5,16.4,10.8,0.37,,2/13,
151,ENCA (Pink),32.5,7,7.5,0.36,,1/18/20,
152,CEOL (Orange),25.8,8.2,6.1,0.767,,1/25/20,
153,ENCA (Pink),25,7.8,10.2,0.35,,1/18/20,
154,SANI (Orange + Yellow),11.1,18.8,9.7,0.5,,2/14,
155,SAAP (White + Green),18.2,13.7,13.2,0.6,,2/14,
156,HEAR,21.4,19.9,18.9,0.48,,2/27,
157,CEOL (Orange),7,7.5,6.2,0.2,,3/27,replant and moved
158,SAAP (White + Green),15.9,13.4,11.1,0.6,,2/14,
159,ENCA (Pink),25.2,17.2,16.8,0.35,,3/19/20,replant
160,HEWH (White),35.9,56.7,33,-,,2/20,
161,MALA (White + Yellow),44,18.1,15.9,0.51,,2/13,
162,HEWH (White),11,55.2,8.5,,,1/18/20,
163,ADFA (Orange + Green),70,60.5,50.2,0.732,1 GAL ,1/21/20,
164,HEWH (White),20.1,57.4,31.8,,,1/18/20,
165,SANI (Orange + Yellow),16.2,24.2,18.4,0.77,,2/13,
166,SAME (Orange + Pink),12.8,7.8,6.3,0.24,,2/20,
167,HEWH (White),29,41.5,36.9,,,1/18/20,
168,RHOV (White + Pink),13.5,8.57,6.42,0.477,,1/18/20,
169,HEWH (White),25.5,27,17.3,,,1/21/20,
170,SANI (Orange + Yellow),,,,,,,already planted (ceol)
171,RHOV (White + Pink),11.7,9.8,7.1,0.44,,3/27/20,replant
172,HEWH (White),13.8,34.9,4.3,0.67,,1/25/20,
173,SAME (Orange + Pink),11.1,6.2,4.9,0.29,,2/20,
174,ADFA (Orange + Green),58.3,39.8,32.1,1.4,2 GAL,2/4/20,
175,HEWH (White),15.3,23.8,3.4,0.55,,1/25/20,
176,HEWH (White),16.5,22.2,0.4,0.6,,1/25/20,
177,HEWH (White),24,39,11,,,1/21/20,
178,CEOL (Orange),29.7,8.6,7.8,0.34,,1/25/20,
179,SANI (Orange + Yellow),13.1,10.9,10.6,0.6,,2/13,
180,RHOV (White + Pink),8.3,8.1,7.7,0.31,,1/18/20,
181,HEWH (White),14.3,43.1,41.1,0.711,,1/25/20,
182,HEWH (White),16.7,22.1,7.8,1.814,,1/25/20,
183,ADFA (Orange + Green),46.1,40.5,22.4,1.39,2 GAL,2/4/20,
184,RHOV (White + Pink),14.1,10.5,3.4,0.43,,1/18/20,
185,ENCA (Pink),28.5,6,5,0.205,,1/21/20,
186,HEWH (White),17,28,7.5,,,1/21/20,
187,HEWH (White),16,36,20,,,1/21/20,
188,HEWH (White),28.6,28.7,6.4,,,1/30/20,
189,CEOL (Orange),17.2,7.4,4.8,0.22,,3/27/20,replant
190,CEOL (Orange),31.6,12.9,9.6,0.28,,2/5/20,
191,ADFA (Orange + Green),56.2,64.3,46.2,0.59,1 GAL,1/30/20,
192,SANI (Orange + Yellow),7.2,10,6.3,0.2,,2/13,
193,ENCA (Pink),21.8,16.4,6.9,0.33,,1/30/20,
194,SANI (Orange + Yellow),11.6,14.9,10.6,0.643,,2/13,
195,HEWH (White),15.9,44.5,2.3,2.179,,1/25/20,
196,HEWH (White),14.1,34.5,4.8,0.7779,,1/25/20,
197,HEWH (White),12,30,4,,,1/30/20,
198,ENCA (Pink),24.3,20.6,14.2,0.39,,1/30/20,
199,HEWH (White),12.5,13.9,11.3,,,1/21/20,
200,HEWH (White),13.6,32.5,2.3,0.157,,1/25/20,
201,SAAP (White + Green),23,15.25,14.25,0.5,,2/14,
202,ENCA (Pink),17.5,24,15,0.26,,1/21/20,
203,ADFA (Orange + Green),51.5,64,40.8,0.67,1 GAL ,1/21/20,
204,HEWH (White),20.4,47.8,14.2,,,1/21/20,
205,CEOL (Orange),32.7,11.3,9.8,0.298,,1/25/20,
206,SAAP (White + Green),11.9,6,5.75,0.22,,2/20,
207,ENCA (Pink),33.8,44.5,17.5,0.42,,1/21/20,
208,SAAP (White + Green),18.5,15.75,13.5,0.51,,2/14,
209,HEWH (White),20.3,19.5,16.7,,,1/21/20,
210,ADFA (Orange + Green),48.2,39,26,0.7,1 GAL ,1/21/20,
211,HEWH (White),9.5,26.8,18,,,1/21/20,
212,CEOL (Orange),33.7,9.8,6.2,0.33,,1/25/20,
213,SANI (Orange + Yellow),10.25,13.25,12,0.37,,2/14,
214,RHOV (White + Pink),8.5,5.5,5,0.218,,1/21/20,
215,CEOL (Orange),21.5,7.8,7.8,0.25,,1/25/20,
216,RHOV (White + Pink),11.8,8,7.5,0.42,,1/21/20,
217,CEOL (Orange),32.2,5.9,7.7,0.123,,1/25/20,
218,HEWH (White),15.4,39,22,,,1/21/20,
219,RHOV (White + Pink),13.1,8.4,9.2,0.4,,3/27/20,replant and moved
220,ENCA (Pink),12.9,4.7,3.5,0.37,,1/25/20,
221,RHOV (White + Pink),11.1,9,7.2,0.408,,1/21/20,
222,SAAP (White + Green),14,11.75,11,0.32,,2/20,
223,SAME (Orange + Pink),12,10.5,7.5,0.29,,2/20,
224,CEOL (Orange),28.7,6.6,6.4,0.25,,1/25/20,
225,HEWH (White),18,45.5,5,,,1/21/20,
226,ENCA (Pink),6.25,7,4.75,0.29,,2/20,
227,SAAP (White + Green),15,6.75,4.75,0.39,,2/20,
228,CEOL (Orange),18.4,6.5,5.4,0.26,,1/25/20,
229,SAME (Orange + Pink),7.5,5,4.25,0.21,,2/20,
230,ADFA (Orange + Green),28.6,47.2,41.6,0.73,1 GAL ,2/3/20,
231,SAME (Orange + Pink),16.25,4.75,4.5,0.21,,2/25,
232,RHOV (White + Pink),15.5,8.6,7.4,0.37,,3/27/20,replant
233,HEAR,21.7,17.5,17.4,0.55,,2/27,
234,MALA (White + Yellow),43.2,16.2,16.3,0.4,,2/3/20,
235,SAME (Orange + Pink),7,4,3.75,0.2,,2/20,
236,HEWH (White),13.6,26,7.8,,,1/21/20,
237,CEOL (Orange),30.6,6.3,7.8,0.34,,1/25/20,
238,MALA (White + Yellow),34.2,13.2,14.4,0.36,,2/3/20,
239,HEWH (White),8,20.3,4.5,,,1/21/20,
240,ENCA (Pink),29,20,7.2,0.241,,1/21/20,
241,RHOV (White + Pink),14,9.2,8,0.494,,1/21/20,
242,RHOV (White + Pink),11.07,9.2,8.3,0.445,,1/25/20,
243,RHOV (White + Pink),9.9,7.6,7.6,0.392,,1/25/20,
244,RHOV (White + Pink),12.8,6.2,7.4,0.372,,1/25/20,
245,CEOL (Orange),26.25,8.5,8.25,0.51,,2/14,
246,HEWH (White),19.6,26.4,14.8,,,1/21/20,
247,CEOL (Orange),17.1,9.7,10.2,0.21,,2/6/20,
248,SAME (Orange + Pink),12.75,6.75,5.75,0.4,,2/20,
249,MALA (White + Yellow),37,14.75,10.5,0.45,,2/21,
250,ENCA (Pink),27.2,13.8,15.2,0.307,,1/25/20,
251,ENCA (Pink),27,11.5,7.5,0.32,,2/6/20,
252,CEOL (Orange),26.5,10.5,9.5,0.41,,2/6/20,
253,RHOV (White + Pink),8.012,6.494,5.838,0.391,,1/30/20,
254,SAME (Orange + Pink),7,4.25,3,0.31,,2/20,
255,HEWH (White),18,48,9.25,1.22,,2/20,
256,SANI (Orange + Yellow),11.25,4.25,4,0.24,,2/20,
257,ADFA (Orange + Green),47.8,58.4,39.2,0.62,1 GAL ,2/3/20,
258,ENCA (Pink),43,18.2,8.5,0.37,,2/6/20,
259,HEWH (White),17.25,35,24,1.3,,2/20,
260,ADFA (Orange + Green),55.6,74.3,45,0.75,1 GAL ,2/3/20,
261,CEOL (Orange),15.4,11.5,10.1,0.28,,2/6/20,
262,HEWH (White),22,51.25,42,1.4,,2/20,
263,SAME (Orange + Pink),9.6,6,5.75,0.22,,2/20,
264,CEOL (Orange),15.9,11.5,8.3,0.19,,2/6/20,
265,ENCA (Pink),26.1,11.6,8.6,0.308,,1/25/20,
266,HEWH (White),21.5,30,15,,,1/30/20,
267,SAAP (White + Green),9,9.5,6.5,0.32,,2/20,
268,CEOL (Orange),27,11,9.75,0.29,,2/14,
269,HEWH (White),31.75,28.75,4.25,1.17,,2/20,
270,HEWH (White),25,59.5,33,1.44,,2/20,
271,CEOL (Orange),29.5,11.5,11,0.22,,2/14,
272,RHOV (White + Pink),10.874,7.111,6.587,0.401,,1/30/20,
273,SAAP (White + Green),25.2,15.2,13.4,0.69,,2/13,
274,SAAP (White + Green),21.4,17.2,12.3,0.43,,2/13,
275,ENCA (Pink),14,27.5,12,0.283,,1/30/20,planted near an ant colony. They bite.
276,CEOL (Orange),23.4,13.5,9.8,0.15,,2/14,
277,ENCA (Pink),15.5,28,6.882,0.343,,1/30/20,
278,ENCA (Pink),16.5,20,19,0.282,,1/30/20,top 11cm bent 
279,SANI (Orange + Yellow),13.1,14.1,13.3,0.3,,2/14,
280,RHOV (White + Pink),11.9,8.7,7.4,0.56,,3/27/20,replant and moved plot up
281,SANI (Orange + Yellow),16.9,26.2,20,0.3,,2/14,
282,HEWH (White),27,42,30.5,,,1/30/20,
283,SAAP (White + Green),24.5,14.9,14.4,0.67,,2/13,
284,SANI (Orange + Yellow),17,24.6,24.4,0.28,,2/14,
285,ENCA (Pink),49.5,15.6,14.3,0.42,,2/27,
286,HEWH (White),16.5,40,7,,,1/30/20,
287,MALA (White + Yellow),25.6,18.3,16.9,0.18,,2/14,
288,CEOL (Orange),16,10.75,7.75,0.14,,2/14,
289,RHOV (White + Pink),13,3.5,8,0.43,,2/6/20,
290,CEOL (Orange),19.75,7.7,7.75,0.27,,2/14,
291,SAME (Orange + Pink),16.8,4.7,3.6,0.24,,2/27,
292,RHOV (White + Pink),17,10.3,7.8,0.49,,2/27,
293,SAME (Orange + Pink),15.4,9.4,8.9,0.22,,2/27,
294,SAAP (White + Green),18.3,15.3,12.5,0.52,,2/13,
295,ENCA (Pink),35.7,31.2,25.2,0.39,,2/27,
296,HEWH (White),14.3,19,13.8,,,1/30/20,
297,MALA (White + Yellow),45.9,18.4,14.7,0.6,,2/14,
298,SAME (Orange + Pink),18.3,8.4,4.9,0.3,,2/27,
299,RHOV (White + Pink),13.7,9.8,6.7,0.3,,2/14,
300,SAAP (White + Green),25.1,16.6,16.4,0.28,,2/14,
301,HEWH (White),21.2,32.7,25.2,,,1/30/20,
302,SANI (Orange + Yellow),11.6,22.2,10.5,0.7,,2/13,
303,ENCA (Pink),33,10,5.2,0.319,,1/30/20,
304,ENCA (Pink),28.2,27.6,12.7,0.28,,1/30/20,
305,SAAP (White + Green),25.5,16.5,15.1,0.5,,2/13,
306,HEWH (White),36.8,41,8.9,,,1/30/20,
307,ENCA (Pink),45.6,15.1,11.7,0.39,,3/19/20,replant
308,SAAP (White + Green),23.6,19,14.9,0.4,,2/13,
309,CEOL (Orange),21.4,10.4,8.9,0.19,,2/5/20,
310,CEOL (Orange),32.8,8.4,7.8,0.29,,2/14,
311,ENCA (Pink),19.2,10.7,7.9,0.31,,3/27/20,replant
312,CEOL (Orange),28.4,24.2,23.9,,,2/5/20,
313,CEOL (Orange),20,9.6,9.8,0.17,,2/5/20,
314,SANI (Orange + Yellow),15.1,25.7,16.7,0.35,,2/13/20,
315,RHOV (White + Pink),9.084,8.8,6.404,0.39,,1/30/20,
316,HEWH (White),14.8,38,11,,,1/30/20,
317,SANI (Orange + Yellow),13.1,14.7,13.7,0.45,,2/13/20,
318,SAME (Orange + Pink),7.3,3.4,3.3,0.18,,2/20,
319,ENCA (Pink),41.8,12.9,9.7,0.38,,1/25/20,
320,ADFA (Orange + Green),56.1,28.3,40.6,1.21,2 GAL,2/4/20,
321,HEWH (White),30.7,32.7,14.1,,,1/30/20,
322,ADFA (Orange + Green),42.2,39.4,35.9,0.76,1 GAL ,1/30/20,
323,HEWH (White),27.1,26,16,,,1/30/20,
324,CEOL (Orange),24.5,8.5,7,0.24,,2/14,
325,HEWH (White),18.2,6.8,30,0.95,,1/25/20,
326,ADFA (Orange + Green),65,59.8,35.8,1.3,2 GAL,2/20,
327,ENCA (Pink),32.5,13.28,9.182,0.345,,1/30/20,
328,RHOV (White + Pink),16.6,10.4,10,0.5,,3/27/20,replant
329,ENCA (Pink),22.7,34.2,13.6,0.36,,1/30/20,
330,ENCA (Pink),17.4,26.1,6,0.44,,1/30/20,
331,CEOL (Orange),31.2,15.7,11.3,0.24,,2/14,
332,RHOV (White + Pink),14.4,18.4,5.5,0.71,,1/30/20,
333,CEOL (Orange),24.9,11.8,10.5,0.3,,2/13,
334,CEOL (Orange),31.1,14.5,7.8,0.32,,2/14,
335,SAAP (White + Green),24.5,17.4,16.1,0.5,,2/13,
336,ENCA (Pink),43.9,34,10.5,0.44,,2/27,
337,ENCA (Pink),47.2,14.1,13.8,0.4,,2/27,
338,CEOL (Orange),17.6,21.2,11.1,0.3,,2/13,
339,ENCA (Pink),36.7,6.5,2.9,0.31,,2/1/20,
340,ADFA (Orange + Green),27.6,79.6,30.1,0.85,1 GAL ,1/30/20,
341,SAAP (White + Green),21.3,16.6,15.2,0.6,,2/13,
342,ENCA (Pink),28.4,19.6,10.6,0.65,,1/30/20,
343,SAAP (White + Green),22.8,24,16.9,0.7,,2/13,
344,CEOL (Orange),23.1,18.8,15.4,0.4,,2/13,
345,ADFA (Orange + Green),67,17.4,7.4,0.6,1 GAL ,2/1/20,
346,SAAP (White + Green),28.5,18.3,15.7,0.4,,2/13,
347,SANI (Orange + Yellow),10,14.4,14.8,0.5,,2/13,
348,ADFA (Orange + Green),63,57,47,0.84,2 GAL,2/4/20,
349,SANI (Orange + Yellow),9.5,14.4,9.8,0.4,,2/13,
350,SAME (Orange + Pink),6.1,5.6,4.9,0.3,,2/20,
351,ADFA (Orange + Green),60.5,24,35,1.65,2 GAL,2/4/20,
352,ENCA (Pink),39.25,13.3,11.5,0.51,,3/19/20,replant and moved b/c gopher
353,ENCA (Pink),18.6,15.3,13.4,0.25,,2/1/20,
354,SAME (Orange + Pink),17.6,4.8,4.6,3.6,,2/20/20,
355,RHOV (White + Pink),17.8,10.3,6.8,0.41,,1/30/20,
356,CEOL (Orange),19.3,20.6,11.7,0.3,,2/14/20,
357,SAAP (White + Green),25.4,14.1,8.9,0.45,,2/13/20,
358,HEWH (White),31.3,40,7.9,,,1/30/20,
359,HEWH (White),25.3,39.4,14.5,,,1/30/20,
360,RHOV (White + Pink),10.3,9.5,6,0.433,,1/30/20,
361,CEOL (Orange),27.5,9.6,9.3,0.3,,2/14/20,
362,MALA (White + Yellow),29.3,37.2,13.4,0.32,,2/13/20,
363,RHOV (White + Pink),15.4,11.2,9,0.73,,1/30/20,
364,MALA (White + Yellow),39.8,16.7,14.5,0.43,,2/13/20,
365,HEWH (White),22.2,49,13,,,1/30/20,
366,CEOL (Orange),20.6,6.3,7.2,0.25,,3/27/20,replant
367,RHOV (White + Pink),7.5,6,3.4,0.32,,1/30/20,
368,HEWH (White),14,39.9,7,,,1/30/20,
369,RHOV (White + Pink),15.2,8,6.7,0.44,,1/30/20,
370,CEOL (Orange),20.8,9.1,7.8,0.15,,2/14/20,
371,SANI (Orange + Yellow),10.5,18.1,13.7,0.31,,2/14/20,
372,RHOV (White + Pink),12.7,9,6.9,0.485,,1/30/20,
373,HEWH (White),19.9,53,4.3,,,1/30/20,
374,HEWH (White),22,43.1,11,,,1/30/20,
375,RHOV (White + Pink),15.5,8.5,6.75,0.4,,2/6/20,
376,HEWH (White),7,20,5,,,1/30/20,for stem diameter: small does not look healthy 
377,HEWH (White),18,37.3,11.2,,,1/30/20,
378,CEOL (Orange),26,11,10.2,0.2,,2/14/20,
379,HEWH (White),24.3,39,46.1,,,2/27,
380,MALA (White + Yellow),35.7,12.3,11.4,0.4,,2/13/20,
381,SANI (Orange + Yellow),9.9,11.8,11.3,0.26,,2/14/20,
382,SAME (Orange + Pink),10,4.6,4.4,0.21,,2/27,
383,ENCA (Pink),7,24,10,0.4,,2/1/10,
384,CEOL (Orange),28.4,10.1,9.3,0.23,,2/14/20,
385,HEWH (White),30.1,20.6,20.4,,,1/30/20,
386,ADFA (Orange + Green),46.8,47.2,31,0.66,1 GAL ,2/1/20,
387,ENCA (Pink),36,13,11,,,2/1/20,
388,MALA (White + Yellow),41.1,17.9,12.8,0.4,,2/13/20,
389,SAAP (White + Green),14.9,7.6,5.8,0.28,,2/14/20,
390,ADFA (Orange + Green),59.5,36.7,25.3,1.12,2 GAL,2/27,
391,SAME (Orange + Pink),10.7,7.1,6.8,0.27,,2/20/20,
392,CEOL (Orange),15.8,11.5,6.2,0.3,,2/14/20,
393,ENCA (Pink),42.3,15.8,14.6,0.39,,2/27,
394,HEWH (White),30,40,28,,,1/30/20,
395,ENCA (Pink),35.9,18.5,13.4,0.45,,3/19/20,replant
396,SANI (Orange + Yellow),14,22.75,13.75,0.4,,2/21/20,
397,MALA (White + Yellow),34.9,16.2,14.5,0.4,,2/14/20,
398,ENCA (Pink),6,26,10.5,,,1/30/20,planted in rocky plot 
399,RHOV (White + Pink),15.6,11.9,7.4,0.4,,2/1/20,
400,RHOV (White + Pink),12.5,5,5.2,0.389,,1/30/20,
401,SANI (Orange + Yellow),13.6,24.7,23.6,0.2,,2/15/20,
402,HEAR,19.2,14.6,10.4,0.27,,2/27,
403,RHOV (White + Pink),9.289,7.954,5.969,0.502,,1/30/20,
404,CEOL (Orange),20.6,20.6,8.1,0.22,,2/27,
405,ADFA (Orange + Green),60.4,39.2,37.9,0.6,1 GAL ,2/1/20,
406,RHOV (White + Pink),15.1,8,7.3,0.45,,2/27,
407,MALA (White + Yellow),32.1,11.2,9.5,0.3,,2/14/20,
408,HEWH (White),17.5,25,21.2,,,2/1/20,
409,CEOL (Orange),10.7,9.6,8.3,0.09,,2/15/20,
410,CEOL (Orange),28.6,10.2,8.7,0.15,,2/14/20,
411,SAME (Orange + Pink),9.4,6.4,5.9,0.26,,2/27,
412,RHOV (White + Pink),11.591,9.985,5.902,0.475,,1/30/20,
413,RHOV (White + Pink),8.433,6.992,5.583,0.433,,1/30/20,
414,HEAR,17.8,17.9,11.4,0.4,,2/27,
415,ENCA (Pink),47.5,15.3,14.6,0.38,,2/27,
416,MALA (White + Yellow),35.5,18.4,17.4,0.25,,2/14/20,
417,RHOV (White + Pink),14.764,8.747,8.477,0.495,,1/30/20,
418,ADFA (Orange + Green),52.4,57.5,33.1,0.53,1 GAL ,2/1/20,
419,ENCA (Pink),39,15.5,10,0.4,,2/1/20,
420,MALA (White + Yellow),23.1,11.2,11.2,0.2,,2/14/20,
421,CEOL (Orange),17.6,8.5,8.1,0.1,,2/15/20,
422,ENCA (Pink),25.5,10.9,8.4,0.32,,2/1/20,
423,SANI (Orange + Yellow),18.1,18.8,15.7,0.05,,2/14/20,
424,CEOL (Orange),13.1,11.4,8.2,0.12,,2/15/20,
425,HEWH (White),10,20.3,11.2,,,2/1/20,
426,HEWH (White),6.8,23.7,9.5,,,2/1/20,
427,CEOL (Orange),15.5,7.6,7.5,0.1,,2/15/20,
428,ENCA (Pink),10,30.5,11.8,0.2,,2/1/20,
429,RHOV (White + Pink),8.241,6.974,6.916,0.528,,1/30/20,ants that bite 
430,ADFA (Orange + Green),53,45.8,27.2,0.78,1 GAL,2/27,
431,CEOL (Orange),,,,,,,already planted
432,HEWH (White),17.5,30,10,,,2/1/20,
433,CEOL (Orange),10,7.2,7.2,0.1,,2/20/20,
434,CEOL (Orange),5.6,6.4,5.4,0.8,,2/20/20,"Gopher, moved down hill"
435,HEAR,14.9,15,14.5,0.39,,2/28,
436,MALA (White + Yellow),32.2,14.4,13.1,1.9,,2/14/20,
437,MALA (White + Yellow),27,27.4,14.6,2,,2/14/20,
438,HEWH (White),14.4,30.4,17.2,,,2/20/20,
439,RHOV (White + Pink),11.5,7.5,7,0.38,,2/7/20,
440,HEWH (White),23,45,28,,,2/15/20,
441,SAAP (White + Green),16.2,18.7,15.9,0.1,,2/14/20,
442,HEWH (White),24.9,38.2,10.9,,,2/1/20,
443,ENCA (Pink),43.9,7.7,6.4,0.474,,2/1/20,
444,HEWH (White),12,30.5,11,,,2/1/20,
445,HEWH (White),14.5,31.5,29,,,2/1/20,
446,RHOV (White + Pink),15.2,8.6,8.1,0.401,,2/?,
447,ADFA (Orange + Green),58,64,32,1.548,2 GAL,2/15,
448,HEWH (White),8.4,9.1,2.4,,,2/?,
449,MALA (White + Yellow),38.1,13.4,12.8,0.45,,2/14,
450,SAME (Orange + Pink),10.9,5.7,4.4,0.2,,2/21,
451,ENCA (Pink),32.8,14.1,10.7,0.28,,2/15/20,
452,RHOV (White + Pink),14.1,10.4,13.6,0.43,,2/15,
453,CEOL (Orange),13.6,5.9,6.4,0.16,,2/15/20,
454,ENCA (Pink),7.8,3.7,3.4,0.456,,2/1/20,
455,ENCA (Pink),39.3,19.1,13.6,0.48,,3/19/20,replant
456,RHOV (White + Pink),10.6,8.7,7.3,0.43,,2/1/20,
457,SAAP (White + Green),28.4,20.3,17.5,0.6,,No date,
458,CEOL (Orange),14.4,8.4,7.7,0.15,,2/15/20,
459,HEWH (White),14.2,36.6,15.5,,,2/15,
460,RHOV (White + Pink),13.4,8.6,7.7,0.29,,3/27/20,replant
461,ENCA (Pink),34.1,8.5,7.4,0.25,,2/20,
462,CEOL (Orange),7.7,5.4,5.1,0.5,,2/20,
463,CEOL (Orange),22.1,10.4,8.7,0.28,,2/28,
464,ENCA (Pink),43.6,15.2,14.8,0.47,,3/19,replant
465,MALA (White + Yellow),21,10.5,12,0.29,,2/15/20,
466,SAAP (White + Green),10.9,13.5,11.4,0.1,,2/20,
467,RHOV (White + Pink),15.1,9.1,6,0.46,,2/7/20,
468,CEOL (Orange),12.2,7.2,6.7,0.26,,2/15/20,
469,ENCA (Pink),34.4,6.8,5.9,0.017,,2/7/20,
470,ENCA (Pink),12.3,7.9,4.3,0.015,,2/7/20,
471,RHOV (White + Pink),13.1,9,5.75,0.48,,2/7/20,
472,ENCA (Pink),14.6,33.8,18.25,0.44,,3/19,replant
473,RHOV (White + Pink),,,,,,,already planted
474,CEOL (Orange),12.1,6.8,6.6,0.12,,2/15/20,
475,HEWH (White),18.6,43.5,21,,,2/15/20,
476,ENCA (Pink),38.3,13.4,12.2,0.38,,2/15/20,
477,SAME (Orange + Pink),3.6,5.6,2.9,0.15,,3/2,
478,CEOL (Orange),12.7,8.4,3.6,0.1,,2/15,
479,SAAP (White + Green),11.5,12.7,7.8,0.1,,2/14/20,
480,RHOV (White + Pink),17.9,10.5,8.2,0.37,,2/20,
481,SANI (Orange + Yellow),13.2,15,7.9,0.3,,2/14/20,
482,RHOV (White + Pink),11.25,10,5,0.43,,2/7/20,
483,CEOL (Orange),16.8,8.3,5.3,0.11,,2/15/20,
484,SAME (Orange + Pink),5.5,5.1,3.6,0.17,,2/20,
485,HEWH (White),24,46.5,29,,,2/15,
486,ENCA (Pink),8,22,23,0.2,,2/15,
487,HEWH (White),26,38.2,35.3,,,2/15,
488,ADFA (Orange + Green),59,40,36,1.469,2 GAL,2/15,
489,SAAP (White + Green),9.1,10.7,8.1,0.2,,2/20,
490,SAAP (White + Green),12.8,8.3,6.2,0.1,,2/20,
491,MALA (White + Yellow),24.1,14.6,10.8,0.2,,2/15/20,
492,CEOL (Orange),9.2,7.5,5.1,0.15,,2/7/20,
493,ENCA (Pink),35.7,6.8,5.3,0.35,,2/7/20,
494,HEWH (White),20.5,42.5,23.8,,,2/15,
495,SAAP (White + Green),10.9,31,12.2,0.32,,2/15,
496,HEWH (White),23.5,45,16.8,,,2/15,
497,CEOL (Orange),12.2,8.2,7.6,0.1,,2/15/20,
498,MALA (White + Yellow),28.1,15.5,14,0.3,,2/15/20,
499,SAME (Orange + Pink),3.8,3.8,3.2,0.13,,2/27,
500,CEOL (Orange),,,,,,,already planted
501,CEOL (Orange),22.9,12.2,10.7,0.26,,2/14,
502,SANI (Orange + Yellow),9.1,13.2,9.8,0.31,,2/14,
503,RHOV (White + Pink),10.2,7.2,6.1,0.44,,1/30/2020,
504,SAME (Orange + Pink),12.8,8.9,6.5,0.29,,2/20,
505,SAAP (White + Green),18.3,17.5,15.2,0.3,,2/15,
506,CEOL (Orange),21,10.3,9.9,0.28,,2/14,
507,RHOV (White + Pink),13.8,10.1,7.2,0.43,,1/30/2020,
508,CEOL (Orange),31.1,9.2,8.5,0.27,,2/14,
509,HEAR,15.8,18.4,13.4,0.39,,2/27,big hole
510,ENCA (Pink),17,32,12,,,2/1/20,gopher activity 
511,HEWH (White),17.9,22.6,22.4,,,1/30/2020,
512,ENCA (Pink),19,30,12,,,2/1/20,
513,SANI (Orange + Yellow),8.5,9.8,7.7,0.32,,2/14,
514,RHOV SAAP (White + Pink),27.4,15.8,15.2,0.39,,2/15,
515,HEWH (White),15,33,16,,,2/1/20,
516,SAAP (White + Green),10.6,10,5.2,0.24,,2/27,
517,RHOV (White + Pink),13.5,10,9.25,0.56,,2/21,
518,HEWH (White),18.7,24.3,12.1,,,2/1/20,
519,CEOL (Orange),18.9,15.8,7,0.26,,2/5/20,
520,SAME (Orange + Pink),18.2,9.9,4.1,0.31,,2/27,
521,ENCA (Pink),9.5,4.8,3.9,,,2/1/20,
522,RHOV (White + Pink),9.5,7.98,7.75,0.42,,2/1/20,planted in biting ant colony 
523,ENCA (Pink),18.9,7.4,5.4,0.21,,2/1/20,
524,CEOL (Orange),,,,,,,already planted
525,HEWH (White),27.6,29.8,17,,,2/1/20,
526,CEOL (Orange),20,10.4,8.7,0.16,,2/5/20,
527,RHOV (White + Pink),9.7,8.5,5.5,0.34,,2/1/20,
528,CEOL (Orange),31.7,14.4,7.9,0.22,,,
529,CEOL (Orange),24.5,11,9.1,0.19,,2/5/20,
530,SANI (Orange + Yellow),8.6,14.3,10,0.29,,2/14,
531,MALA (White + Yellow),42.3,24.6,16.3,0.39,,2/14,
532,CEOL (Orange),27.9,8.9,8.7,0.25,,2/5/20,
533,RHOV (White + Pink),13.4,9.8,7.2,0.47,,1/30/20,
534,RHOV (White + Pink),11.2,7.1,8.2,0.62,,1/30/20,
535,SAME (Orange + Pink),11.1,4.9,4.4,0.26,,2/27,
536,RHOV (White + Pink),11.6,9.55,7.24,0.56,,1/30/20,
537,SAME (Orange + Pink),11.5,6.5,4,0.28,,2/27,
538,CEOL (Orange),18.6,10.1,9.9,0.28,,2/14,
539,RHOV (White + Pink),15.4,8.8,7.4,0.5,,1/30/20,
540,MALA (White + Yellow),39.2,12.8,12.2,0.36,,2/14,
541,CEOL (Orange),12,7.8,6.9,0.21,,2/14,
542,CEOL (Orange),6.5,5.6,4.4,0.13,,2/27,
543,RHOV (White + Pink),15.4,8.8,7.4,0.5,,1/30/20,
544,HEWH (White),18.4,39.8,7.3,,,1/30/20,
545,SAAP (White + Green),12.2,14,13.4,0.39,,2/27,
546,RHOV (White + Pink),21.4,10,8.8,0.49,,1/30/20,
547,ENCA (Pink),21.8,15.2,9.2,0.28,,2/27,
548,ADFA (Orange + Green),55.5,37,34,2.83,2 GAL,2/4/20,
549,CEOL (Orange),23.4,11.2,10.9,0.24,,2/14,
550,ENCA (Pink),7,7.25,4.5,0.35,,2/1/20,
551,SANI (Orange + Yellow),10.2,21.9,17.8,0.31,,2/14,
552,HEWH (White),17.6,32.2,15.2,,,2/1/20,
553,CEOL (Orange),23.4,9.3,7.8,0.28,,2/14,
554,HEWH (White),18.4,22.6,6.7,,,2/1/20,
555,ENCA (Pink),33.4,16,11,0.35,,2/1/20,
556,MALA (White + Yellow),42.4,19,16.3,0.46,,2/14,
557,HEWH (White),23,53.5,21,,,2/1/20,
558,ADFA (Orange + Green),45,47,38,0.58,1 GAL,2/4/20,
559,MALA (White + Yellow),30.6,14.6,9.2,0.38,,2/14,
560,CEOL (Orange),13.2,6,4.9,0.19,,2/27,
561,CEOL (Orange),7.6,5.9,5.3,0.17,,2/27,
562,ENCA (Pink),35.6,6.8,6.2,0.35,,2/5/20,
563,HEWH (White),31.4,57.8,28.8,,,2/5/20,
564,HEWH (White),30.8,35.4,5.6,,,2/5/20,
565,HEWH (White),15.3,24.3,20.3,,,2/5/20,
566,CEOL (Orange),6.4,5.5,6.4,0.19,,2/27,
567,ENCA (Pink),33.3,27.2,10.2,0.37,,2/27,
568,ADFA (Orange + Green),48.1,49.5,39.4,1.2,2 GAL ,2/27,
569,HEWH (White),18,36.5,33.2,,,2/27,
570,ENCA (Pink),38.2,15.4,12.4,0.34,,2/27,
571,ADFA (Orange + Green),65.8,74.2,45.3,0.69,1 GAL,2/1/20,
572,HEWH (White),21,24.5,17.2,,,2/1/20,
573,ADFA (Orange + Green),55,71.5,21.75,1.43,2 GAL,2/7/20,
574,SAAP (White + Green),15,19,15,0.2,,2/15,
575,HEWH (White),23,39,19,,,2/15,
576,SANI (Orange + Yellow),23.5,22.3,28.4,,,2/5/20,
577,HEWH (White),23.5,27.3,28.4,,,2/5/20,
578,CEOL (Orange),14.8,8.2,7,0.18,,2/14,
579,CEOL (Orange),18.9,7.9,5.2,0.22,,2/14,
580,ENCA (Pink),30.1,15.3,11.7,,,2/27,no SD recorded
581,SANI (Orange + Yellow),7,11.1,10.9,0.27,,2/14,
582,RHOV (White + Pink),13.4,8.2,6.7,0.52,,2/5/20,
583,RHOV (White + Pink),16.8,10.8,10.7,0.36,,2/5/20,
584,SANI (Orange + Yellow),9.8,15.5,12.6,0.3,,2/14,
585,RHOV (White + Pink),,,,,,,already planted
586,HEWH (White),13.5,7.9,6.3,0.49,,2/6/20,
587,CEOL (Orange),9.4,9,5.6,0.18,,2/21,
588,SAME (Orange + Pink),7.75,5.25,5.75,0.26,,2/21,
589,SAME (Orange + Pink),4.5,4.5,4.3,0.2,,3/2,gopher
590,ENCA (Pink),40.1,8.8,8.2,0.37,,2/5/20,
591,CEOL (Orange),13.9,9.5,7.5,0.19,,2/6/20,
592,ADFA (Orange + Green),57.5,26.5,24,2.5,2 GAL,,
593,CEOL (Orange),10.7,7.4,6.5,0.22,,2/5/20,
594,CEOL (Orange),9.9,6.7,6.6,0.19,,2/5/20,
595,ENCA (Pink),25.5,40,12,0.389,,2/15,
596,ADFA (Orange + Green),41.5,57,37.3,0.5,1 GAL,2/1/20,
597,HEWH (White),24,54,9,,,2/15,
598,RHOV (White + Pink),,,,,,,already planted
599,SAME (Orange + Pink),17.9,5.9,5.1,0.42,,2/20,
600,CEOL (Orange),12.5,24,12,0.202,,2/15,
601,HEWH (White),31.1,24.5,12.1,,,2/15,
602,SAAP (White + Green),23.2,21.3,12,0.8,,2/14,
603,CEOL (Orange),,,,,,,already planted
604,SAME (Orange + Pink),3.9,18.1,8.5,0.37,,2/20/20,
605,RHOV (White + Pink),15,8,7,0.64,,2/1/20,
606,SAAP (White + Green),16.2,19,19.8,0.3,,2/14,
607,RHOV (White + Pink),13,10,9,0.4,,2/15,
608,ADFA (Orange + Green),54,38,25,1.45,2 GAL,2/15,
609,CEOL (Orange),15,8.5,6,0.2,,2/15,
610,MALA (White + Yellow),29.1,16.2,15.5,0.7,,2/14,
611,CEOL (Orange),17.5,10.4,8.6,0.29,,2/15,
612,RHOV (White + Pink),11.9,6,4.4,0.438,,,
613,RHOV (White + Pink),11.4,7,8,0.42,,2/1/20,
614,CEOL (Orange),19.5,9.4,6.9,0.27,,2/15,
615,HEWH (White),19.5,29.3,24.7,,,2/15,
616,SANI (Orange + Yellow),10.9,18.7,6.8,0.2,,2/15/20,
617,SAAP (White + Green),22,14,14,0.1,,2/15,
618,RHOV (White + Pink),13,9,10,0.18,,2/15,
619,ENCA (Pink),22.5,12.25,8,0.25,,2/7/20,
620,HEWH (White),22.1,39.4,24.3,,,2/15,
621,ENCA (Pink),34.4,13.2,11.5,0.35,,2/28,
622,SANI (Orange + Yellow),17.8,16.1,10.3,0.17,,2/15/20,already planted
623,RHOV (White + Pink),12.6,9.7,7.1,0.6,,2/6/20,
624,HEWH (White),40,32.5,20.4,,,2/28,
625,CEOL (Orange),12.4,9,7.8,0.1,,2/15/20,already planted
626,ADFA (Orange + Green),43.2,52.5,33,,2 GAL,2/20,
627,MALA (White + Yellow),15.1,18.2,12.7,0.17,,2/15/20,already planted
628,SANI (Orange + Yellow),14.8,19.6,15.3,0.39,,2/28,
629,HEWH (White),26.8,50.6,39.9,,,2/20,
630,SAME (Orange + Pink),7.8,4,3.4,0.19,,3/2,
631,RHOV (White + Pink),12.4,7.8,7.6,0.4,,2/6/20,
632,ENCA (Pink),49.8,10.2,9.9,0.32,,2/28,
633,CEOL (Orange),11.25,7.75,6.5,0.16,,,
634,CEOL (Orange),15,8.4,7.7,0.17,,2/28,
635,ENCA (Pink),27.5,6.25,7.25,0.35,,2/7/20,
636,ENCA (Pink),27.75,6.5,6,0.35,,2/7/20,
637,ENCA (Pink),32,4.5,1.5,0.333,,2/15,
638,CEOL (Orange),12,6,4,0.354,,2/15,
639,SAAP (White + Green),12,15,16,0.3,,2/15,
640,CEOL (Orange),11.8,9.8,9.4,0.18,,2/6/20,
641,CEOL (Orange),11.9,8.9,5.7,0.17,,2/6/20,
642,ENCA (Pink),15.4,12.7,9.2,0.32,,2/5/20,
643,RHOV (White + Pink),11.2,7.4,5.7,0.332,,2/1/20,
644,CEOL (Orange),19,8.8,8.4,0.19,,2/6/20,
645,HEWH (White),10,23,12,,,2/1/20,
646,RHOV (White + Pink),10.7,7.9,6.3,0.29,,2/1/20,
647,MALA (White + Yellow),46.5,18.3,16.4,0.46,,2/28,
648,RHOV (White + Pink),13,11,8,0.5,,2/1/20,
649,CEOL (Orange),15.9,11.8,9.8,0.3,,2/28,
650,RHOV (White + Pink),13.9,10.6,4.6,0.628,,2/1/20,
651,HEWH (White),18.5,40.1,18.7,,,2/5,
652,HEWH (White),22.7,47.5,35,,,2/5,
653,CEOL (Orange),17,10.3,9.4,0.28,,2/5,
654,SAME (Orange + Pink),5.5,4.2,3.3,0.21,,3/2,
655,HEWH (White),18.8,19.6,17.5,,,2/15/20,
656,SANI (Orange + Yellow),17.8,18.5,17.6,0.2,,2/15/20,
657,RHOV (White + Pink),10.4,8.8,8,0.421,,??,
658,ENCA (Pink),23.7,12.2,7.8,0.3,,2/5,
659,ADFA (Orange + Green),53.5,66,57,0.69,1 GAL ,2/4,
660,CEOL (Orange),13.2,7.3,7,0.2,,2/28,
661,CEOL (Orange),14.3,6.5,6.3,0.19,,2/28,
662,ADFA (Orange + Green),52.5,30.5,36.25,0.53,2 GAL,2/7/20,
663,MALA (White + Yellow),34.6,12.6,12.4,0.19,,2/15/20,
664,ENCA (Pink),25.8,8.5,7.2,0.28,,2/5,
665,ENCA (Pink),15.6,6,5.7,0.39,,2/5,
666,SANI (Orange + Yellow),13.8,14,12.6,0.3,,2/15/20,
667,CEOL (Orange),11.1,7.8,6.3,0.017,,2/3/20,
668,RHOV (White + Pink),9.9,6.5,5.4,0.4,,2/6/20,
669,ADFA (Orange + Green),60.5,53.3,22.4,,2 GAL,2/20/20,
670,SAME (Orange + Pink),18.3,6.4,7.5,0.5,,2/20/20,
671,CEOL (Orange),25.2,9.1,8.1,0.3,,2/20/20,
672,MALA (White + Yellow),20.3,19.4,15.5,0.27,,2/21/20,
673,ADFA (Orange + Green),61.4,43,24.4,0.26,2 GAL,2/28,
674,RHOV (White + Pink),17.3,10,7,0.75,,2/18/20,
675,SANI (Orange + Yellow),14.7,21,20.4,0.17,,2/15/20,
676,RHOV (White + Pink),14.6,11.5,6.4,0.52,,2/6/20,
677,SANI (Orange + Yellow),15.6,11.7,10.5,0.19,,2/15/20,"gopher hole, moved; also dumped double the amount of water into hole, put extra 250 of water on top"
678,ADFA (Orange + Green),55.75,43.5,34.25,2.5,2 GAL,2/7/20,
679,HEWH (White),24.8,33.6,18.4,,,2/21/20,
680,CEOL (Orange),8.1,5.8,3.9,0.19,,2/3/20,
681,SANI (Orange + Yellow),10.6,17.3,13.4,0.3,,2/15/20,
682,HEWH (White),19.2,40.9,24.4,,,2/15/20,
683,HEWH (White),17.4,36.2,33.6,,,2/21/20,
684,HEWH (White),20.7,42.6,17.2,,,2/21/20,
685,HEWH (White),13,25.9,21.8,,,2/21/20,
686,ENCA (Pink),28,11.3,9.8,0.37,,2/6/20,
687,CEOL (Orange),12.1,7.6,7.1,0.14,,2/21/20,
688,ENCA (Pink),9.1,33.4,7.7,0.3,,2/21/20,gopher
689,ENCA (Pink),29.2,7.6,6.4,0.32,,2/28,
690,HEWH (White),20.5,47.8,18.5,,,2/21/20,
691,SANI (Orange + Yellow),9.4,20.1,13.4,0.35,,2/21/20,
692,CEOL (Orange),5.8,6.4,5.9,0.16,,2/7/20,
693,RHOV (White + Pink),14.2,10,6.7,0.475,,2/1/20,
694,HEAR,15.6,18.2,11.6,0.44,,2/28,
695,CEOL (Orange),10.4,8.2,5.4,0.06,,2/7/20,
696,CEOL (Orange),7.4,6.8,5.9,0.101,,2/7/20,
697,HEWH (White),14.1,34.4,23.1,,,2/28,
698,ENCA CEOL (Pink),9.2,8.6,6.4,0.2,,2/20/20,
699,RHOV (White + Pink),16.1,10.5,9.4,0.625,,2/6/20,
700,RHOV (White + Pink),12.3,9.9,7.3,0.65,,2/6/20,
701,CEOL (Orange),13,9,8,0.183,,2/15/20,
702,SANI (Orange + Yellow),8.5,14.2,11.8,0.3,,2/14/20,
703,ENCA (Pink),11,30,23,0.2,,2/15/20,
704,RHOV (White + Pink),9.1,6.9,6.5,0.365,,2/1/20,
705,HEWH (White),22,44,31,,,4/15/20,
706,RHOV (White + Pink),13,8.7,5.6,0.621,,2/1/20,
707,SAAP (White + Green),11,11.75,12.4,0.35,,2/21,
708,SAAP (White + Green),12,12.75,10.6,0.41,,2/21/20,
709,ENCA (Pink),31.8,6.4,5.9,0.27,,2/5/20,
710,CEOL (Orange),14.3,8.4,8.3,0.09,,2/6/20,
711,MALA (White + Yellow),34.9,16,15.2,0.6,,2/14/20,
712,HEWH (White),28,35.5,24.5,1.7,,2/21/20,
713,ENCA (Pink),24,28.5,10.4,0.28,,2/6/20,
714,RHOV (White + Pink),14.8,9.7,7.4,0.53,,2/21/20,
715,ENCA (Pink),35.5,27.8,17.2,0.16,,2/6/20,
716,SAME (Orange + Pink),3.6,7,5.8,0.28,,3/2,
717,CEOL (Orange),14.25,7.5,6.6,0.2,,2/21/20,
718,SAAP (White + Green),11.25,5,3.6,0.27,,2/21/20,
719,RHOV (White + Pink),12.5,8.1,6.8,0.46,,2/6/20,
720,CEOL (Orange),9.8,4.8,4.25,0.18,,2/21/20,
721,RHOV (White + Pink),12.75,7.4,7.25,0.49,,2/21/20,
722,CEOL (Orange),11.3,9.2,6.8,0.19,,2/6/20,
723,RHOV (White + Pink),16.6,8.8,8.1,,,2/5/20,
724,ENCA (Pink),18.4,9.8,6.9,0.35,,2/5/20,
725,CEOL (Orange),10.5,9.1,8.2,0.18,,2/6/20,
726,CEOL (Orange),15.6,9.4,8.9,0.21,,2/6/20,
727,RHOV (White + Pink),12.1,9.6,7,0.432,,2/1/20,
728,CEOL (Orange),21.3,8.9,7.8,0.21,,2/6/20,
729,HEWH (White),18.3,37.5,25.6,,,2/5/20,
730,ENCA (Pink),21.6,9.3,5.4,0.4,,2/5/20,
731,HEWH (White),23.7,33.1,27.5,,,2/5/20,
732,CEOL (Orange),15.7,7.2,6.1,0.26,,2/6/20,
733,RHOV (White + Pink),11.4,8.6,6.4,0.54,,2/5/20,
734,RHOV (White + Pink),15.3,9.1,7.1,0.66,,2/5/20,
735,SANI (Orange + Yellow),4.75,4.4,3.4,0.3,,2/21/20,
736,ENCA (Pink),38.8,10.1,8.2,0.33,,2/6/20,
737,RHOV (White + Pink),11.75,10.25,8,0.52,,2/21/20,
738,CEOL (Orange),25,10.6,8.4,0.28,,2/21/20,
739,RHOV (White + Pink),17.4,8.75,8.75,0.46,,2/21/20,
740,RHOV (White + Pink),18.6,11.6,8.7,0.48,,2/6/20,
741,ENCA (Pink),30,7.4,6.25,0.44,,2/21/20,
742,HEWH (White),21.25,58.6,12,1.3,,2/21/20,
743,RHOV (White + Pink),16.2,10.4,8.8,0.45,,2/6/20,
744,CEOL (Orange),11.75,13,5.1,0.25,,2/21/20,
745,CEOL (Orange),7.75,6.4,2.8,0.2,,2/21/20,
746,MALA (White + Yellow),45.1,18.2,9.1,0.6,,2/14/20,
747,CEOL (Orange),6.1,5.2,4.5,0.19,,2/21/20,
748,SAAP (White + Green),16,10.4,9.75,0.5,,2/21/20,
749,RHOV (White + Pink),15.25,7.9,7.25,0.49,,2/21/20,
750,SANI (Orange + Yellow),13.5,11,10.5,0.8,,2/14/20,
751,ENCA (Pink),47.4,10.2,9.8,0.37,,2/6/20,
752,RHOV (White + Pink),10.9,11,9.6,0.5,,2/6/20,
753,CEOL (Orange),10.5,9.7,7.8,0.21,,2/6/20,
754,ENCA (Pink),9.8,4.9,4.4,0.39,,2/5/20,
755,SAAP (White + Green),,,,,,,already planted
756,SAAP (White + Green),,,,,,,already planted
757,CEOL (Orange),10.6,10.7,7,0.21,,2/6/20,
758,HEWH (White),22.7,48.8,23.8,,,2/5/20,
759,SAAP (White + Green),10.5,9.5,8,0.39,,2/28,
760,ENCA (Pink),40.8,10.2,9.7,0.36,,2/6/20,
761,HEWH (White),16.5,29,16.5,,,2/28,
762,HEWH (White),26.75,45.25,41.5,1.4,,2/21,
763,SANI (Orange + Yellow),12.9,19.4,14.2,0.28,,2/14/20,
764,MALA (White + Yellow),32.4,17,13.4,0.44,,2/20/20,
765,ADFA (Orange + Green),57,79,32,0.59,1 GAL ,2/4/20,
766,CEOL (Orange),21,12.4,7.6,0.35,,2/20/20,
767,HEWH (White),22.5,33,26.5,,,2/28,
768,ADFA (Orange + Green),33.25,44.75,33.5,0.95,1 GAL ,2/28,
769,CEOL (Orange),6.25,6.4,5,0.28,,2/28,
770,CEOL (Orange),12.5,6.9,3.9,0.28,,2/28,
771,RHOV (White + Pink),19.9,10.5,9.8,0.51,,2/6/20,
772,SAAP (White + Green),5.25,11.5,8.5,0.29,,2/21/20,
773,RHOV (White + Pink),18.2,9.3,8.7,0.45,,2/6/20,
774,CEOL (Orange),7.4,5.25,4.75,0.15,,2/21/20,
775,HEWH (White),22,37.5,23,,,2/28,
776,CEOL (Orange),8.2,6.2,5.7,0.118,,2/7/2020,Can't read what's written under 8.2
777,CEOL (Orange),8.7,6.4,4.8,0.1,,2/7/2020,
778,CEOL (Orange),8.2,7.4,6.9,0.208,,2/7/2020,
779,ADFA (Orange + Green),45,52.5,30,1.1,1 GAL ,2/7/20,
780,ADFA (Orange + Green),57,32.5,28,2.2,2 GAL,2/7/20,
781,HEWH (White),18.6,44.5,20.5,,,2/20/20,
782,CEOL (Orange),9.6,8.6,6.2,0.18,,2/6/20,
783,MALA (White + Yellow),32.1,22.8,11.7,0.37,,2/14/20,
784,ENCA (Pink),44.6,15.2,9.8,0.31,,2/6/20,
785,SAAP (White + Green),11.8,12.25,11,0.28,,2/28,
786,ADFA (Orange + Green),64.9,45.6,28.2,1.5,2 GAL,2/4/20,
787,RHOV (White + Pink),10.9,9.8,7.7,0.41,,2/6/20,
788,HEWH (White),18,44,10.75,,,2/28,
789,CEOL (Orange),11.3,2.5,7.4,0.11,,2/6/20,
790,SAAP (White + Green),14.25,5.75,5.25,0.28,,2/28,
791,CEOL (Orange),21,9.4,7.75,0.4,,2/21/20,
792,CEOL (Orange),9,6.25,6.25,0.18,,2/21/20,
793,HEWH (White),22.75,44,27.25,,,2/28,
794,ADFA (Orange + Green),57.4,78.2,54,0.75,1 GAL ,2/4/20,
795,ENCA (Pink),26.25,6.5,3.4,0.44,,2/21/20,
796,ENCA (Pink),11,9.9,7,0.41,,2/21/20,
797,CEOL (Orange),4.4,5.4,3,0.29,,2/28,
798,SAME (Orange + Pink),6.8,6.4,6.2,0.2,,3/3,
799,MALA (White + Yellow),33.1,21.2,16.4,0.45,,2/20/20,
800,ENCA (Pink),32.5,12,6.75,0.45,,2/28,
801,HEWH (White),30.5,23.6,16.6,,,1/30/2020,
802,HEWH (White),14.224,27.8,8.425,,,1/17/20,
803,ENCA (Pink),8.25,3.8,4,0.48,,2/20/20,
804,MALA (White + Yellow),35.8,17.2,15.7,0.5,,2/14/20,
805,ADFA (Orange + Green),44,37,34,0.62,1 GAL,2/28,
806,SAAP (White + Green),6.25,7.25,5.75,0.25,,2/28,
807,RHOV (White + Pink),16.25,7.5,6.2,0.35,,2/28,
808,HEWH (White),16,43.75,28,,,2/28,
809,CEOL (Orange),a:13.5 b:13.75,a:10.25 b:5.9,a:8.75 b:7.5,a:0.4 b:0.31,,a: 2/28 b: 2/28,2 sets of measurements
810,ENCA (Pink),49.4,21.6,16.8,0.33,,3/19,replant
811,SAME (Orange + Pink),5.9,4.6,4.4,0.2,,3/3,
812,HEWH (White),29.5,59.5,31.5,,,2/28,
813,SAAP (White + Green),11,8.25,6.5,0.27,,2/28,
814,ADFA (Orange + Green),62.9,34,27.5,1.42,2 GAL,2/4/20,
815,MALA (White + Yellow),22.8,13.4,7.7,0.15,,2/15/20,
816,CEOL (Orange),9.5,5.1,5,0.11,,2/20/20,"gopher, moved right"
817,HEWH (White),16.7,26.3,22.1,,,2/20/20,
818,HEWH (White),22,14.6,14.3,,,2/21/20,
819,ADFA (Orange + Green),45,52.9,43.8,0.75,1 GAL,,
820,SANI (Orange + Yellow),12.4,10.9,5.2,0.41,,2/18/20,
821,HEWH (White),15.2,36,28.5,,,2/28,
822,RHOV (White + Pink),9.1,8.6,7.2,0.41,,2/6/20,
823,MALA (White + Yellow),28,10.8,8.6,0.41,,2/28,
824,ENCA (Pink),34.4,7.9,4.7,0.3,,2/6/20,
825,ENCA (Pink),21.5,13.9,7,0.3,,2/28,
826,ADFA (Orange + Green),50.5,30.5,28,1.25,2 GAL,2/28,
827,ENCA (Pink),35.5,11.25,7,0.33,,2/28,
828,SANI (Orange + Yellow),10.1,11.7,11.2,0.36,,3/3,
829,HEWH (White),33.25,32,6.5,,,2/28,
830,SAAP (White + Green),,,,,,,already planted
831,SAAP (White + Green),11.75,10.5,6.5,0.25,,2/28,
832,ENCA (Pink),33.8,38.4,20.4,0.37,,3/19,replant
833,MALA (White + Yellow),33.25,11.75,11.4,0.36,,2/28,
834,HEWH (White),33.5,65,49.75,,,2/28,
835,CEOL (Orange),9.5,5.7,4.6,0.19,,3/3,
836,HEWH (White),12.25,38,19.25,,,2/28,
837,HEWH (White),16.25,37.75,24.5,,,2/28,
838,SAAP (White + Green),9.4,7.9,5.8,0.28,,2/28,
839,CEOL (Orange),10.6,7.3,5.9,0.16,,2/28,
840,RHOV (White + Pink),11.8,9.4,5.9,0.36,,2/28,
841,MALA (White + Yellow),34.1,20.6,10.9,0.57,,2/28,
842,ENCA (Pink),35.5,13.5,11.1,0.37,,2/28,
843,RHOV (White + Pink),11.3,6.9,6.9,0.44,,2/28,
844,RHOV (White + Pink),14.7,12.4,6.9,0.3,,2/28,
845,HEWH (White),28.5,24.5,25.6,,,2/28,
846,MALA (White + Yellow),41.4,29.6,14.5,0.4,,2/21/20,
847,CEOL (Orange),6.2,6.4,5.6,0.19,,2/21/20,
848,CEOL (Orange),6.6,4.8,6.9,0.13,,2/28,
849,HEWH (White),15.8,32.8,17.4,,,2/28,
850,SANI (Orange + Yellow),13.1,15,11.9,0.31,,2/28,
851,HEWH (White),23.75,49,37.1,,,2/28,
852,RHOV (White + Pink),7.7,5.9,5.7,0.311,,2/7/20,
853,SAAP (White + Green),10.5,4.25,4,0.24,,3/3,
854,SAME (Orange + Pink),5.75,6.2,3,0.24,,3/3,
855,CEOL (Orange),7.4,6.1,4.75,0.28,,3/3,
856,ENCA (Pink),34.7,6.4,5,0.18,,3/3,
857,ENCA (Pink),29.6,10.2,9.8,0.271,,2/7/20,
858,SAME (Orange + Pink),5.4,4.25,3.6,0.19,,3/3,
859,HEAR,16.2,15.2,14.6,0.42,,2/28,
860,ENCA (Pink),32.5,14.9,9.4,0.35,,2/28,
861,RHOV (White + Pink),13.9,10.6,6.9,0.45,,2/6/20,
862,SAME (Orange + Pink),20.6,7.9,7.5,0.4,,2/20/20,
863,ENCA (Pink),42.7,19.6,11.9,0.38,,2/28,
864,HEWH (White),25.6,49.1,45.2,,,2/28,
865,HEWH (White),19.4,35.5,23.2,,,3/3,
866,SANI (Orange + Yellow),7.4,19.2,8.9,0.49,,3.2,
867,SAAP (White + Green),7.9,5.3,4.75,0.2,,3/3,
868,CEOL (Orange),12.6,7.6,7.2,0.2,,3/2,
869,SAME (Orange + Pink),16.2,10,6.4,0.3,,2/20/20,
870,HEWH (White),13.5,48.2,23.3,,,2/28,
871,HEWH (White),,,,,,,already planted
872,SAAP (White + Green),22.4,16.1,13.2,0.5,,2/20/20,
873,ENCA (Pink),40.8,23.9,16.2,0.5,,2/15/20,
874,ADFA (Orange + Green),55.8,43.5,36.9,1.1,2 GAL,2/21/20,
875,SAME (Orange + Pink),17.8,8.5,7.9,0.4,,2/20/20,
876,SAAP (White + Green),13.2,7.3,4.7,0.21,,3/3,
877,RHOV (White + Pink),8.7,5.9,5.1,0.4,,2/6/20,
878,CEOL (Orange),11.8,10.5,8,0.3,,2/20/20,
879,HEWH (White),36.7,49.4,27.9,,,2/20/20,
880,RHOV (White + Pink),7,6.7,5.4,0.5,,2/6/20,
881,HEWH (White),30.4,25.3,8.5,,,2/15/20,
882,ENCA (Pink),30.6,14.3,10.1,0.35,,2/15/20,
883,SAAP (White + Green),26.1,25.6,18.5,0.4,,2/15/20,
884,CEOL (Orange),5,6.6,6.4,0.2,,2/6/20,
885,MALA (White + Yellow),42.8,21,15.8,0.5,,2/15/20,
886,HEWH (White),15.9,41.9,31,,,2/21/20,
887,CEOL (Orange),7.7,7.8,4.5,0.1,,2/6/20,
888,CEOL (Orange),7.6,6.4,5.9,0.2,,2/6/20,
889,ENCA (Pink),13.5,24.4,16.7,0.35,,2/28,
890,SANI (Orange + Yellow),14.5,15.6,14.3,0.75,,2/15/20,
891,MALA (White + Yellow),32.3,18.4,19.6,0.6,,2/15/20,
892,HEWH (White),34.2,58.6,28.7,,,2/20/20,
893,CEOL (Orange),12.5,7.8,7.2,0.2,,2/21/20,
894,ENCA (Pink),33.3,11.1,9.8,0.6,,2/20/20,
895,ENCA (Pink),30.1,12.1,11.9,0.4,,2/20/20,
896,SANI (Orange + Yellow),10.5,18.8,7.1,0.4,,2/15/20,
897,SANI (Orange + Yellow),8.5,15.5,15.4,0.6,,2/20/20,
898,HEWH (White),24.1,53.4,18.9,,,2/28,
899,CEOL (Orange),10.3,7.6,5.8,0.3,,2/20/20,
900,NO PLANT,,,,,,,
901,CEOL (Orange),5.4,6.9,3.9,0.15,,2/6/20,
902,ENCA (Pink),33.9,11.6,9.2,0.4,,2/20/20,
903,ENCA (Pink),35.9,9.1,7.6,0.45,,2/28,
904,RHOV (White + Pink),9.3,9.1,6.7,0.5,,2/6/20,
905,ADFA (Orange + Green),53.75,39,33.75,0.51,2 GAL,3/3,
906,SAME (Orange + Pink),4.4,2.5,5.7,0.17,,2/27,
907,SANI (Orange + Yellow),9.4,14.2,11.6,0.24,,2/14/20,
908,ENCA (Pink),15,19,8,,,2/1/20,
909,HEWH (White),18.3,49.5,38.75,,,2/28,
910,ENCA (Pink),39.5,12.25,14.5,0.28,,2/28,
911,SANI (Orange + Yellow),8.1,12,8,1.27,,2/28,
912,ENCA (Pink),47.1,10.9,5.8,0.497,,2/7/20,
913,ENCA (Pink),28.3,9.1,7.8,0.31,,2/6/20,
914,SAME (Orange + Pink),4.8,2.3,2.1,0.12,,3/3,
915,SANI (Orange + Yellow),11.1,17.2,14.5,0.34,,2/28,
916,CEOL (Orange),9.1,7.4,7.2,0.2,,2/6/20,
917,HEWH (White),16.5,44,6.8,,,2/28,
918,HEWH (White),25.5,46,17.3,,,2/20/20,
919,ADFA (Orange + Green),43.8,78.3,46.3,0.6,1 GAL ,3/2,
920,SANI (Orange + Yellow),7.8,17,9.6,0.31,,3/3,
921,ENCA (Pink),26.5,12.4,9.5,0.38,,2/28,
922,SAAP (White + Green),10.2,8.5,5.75,0.25,,2/28,
923,ENCA (Pink),45.25,30.25,17,0.41,,3/19,replant
924,RHOV (White + Pink),12.3,6.8,6.6,0.399,,2/7/20,
925,CEOL (Orange),16.25,19.3,11.2,0.3,,3/3,
926,CEOL (Orange),7.8,9,7.5,0.35,,2/28,
927,RHOV (White + Pink),13.7,8.7,5.8,0.501,,2/7/20,
928,MALA (White + Yellow),25.9,13.3,11.7,0.36,,3/3,
929,SANI (Orange + Yellow),7.9,11.5,10,0.4,,3/3,
930,RHOV (White + Pink),7.2,6.2,5.6,0.361,,2/7/20,
931,HEWH (White),20.9,39.6,14.9,,,3/3,
932,CEOL (Orange),10.6,6.6,5.7,0.15,,2/6/20,
933,CEOL (Orange),11.5,8.1,7.7,0.2,,3/3,
934,HEWH (White),19.9,36.2,30.3,,,3/3,
935,RHOV (White + Pink),14.8,11.3,7.9,0.7,,2/6/20,
936,ADFA (Orange + Green),62.4,57,52.5,0.78,1 GAL,2/21/20,
937,SANI (Orange + Yellow),11.8,12.2,5.8,0.41,,2/28,
938,ENCA (Pink),19.5,17.6,7.3,0.4,,2/28,
939,CEOL (Orange),10.4,6.6,4.6,0.19,,2/28,
940,SANI (Orange + Yellow),12.6,17.6,13.5,0.45,,2/15/20,
941,SAAP (White + Green),14.4,26.4,19,0.3,,2/20/20,
942,SAAP (White + Green),18.1,18.2,13.4,0.5,,2/15/20,
943,HEWH (White),31,48.2,20.5,,,2/15/20,
944,SANI (Orange + Yellow),11.1,14.3,9.6,0.4,,2/15/20,
945,ADFA (Orange + Green),63,74.8,35,2,2 GAL,2/15/20,
946,RHOV (White + Pink),11.8,9,6.8,0.4,,2/6/20,
947,MALA (White + Yellow),29.1,17.1,10.5,0.3,,2/15/20,
948,HEWH (White),29.3,50.7,30.2,,,2/20/20,
949,SANI (Orange + Yellow),10.8,12.9,11.6,0.4,,2/15/20,
950,SANI (Orange + Yellow),14.6,26.9,20.5,0.4,,2/20/20,
951,SANI (Orange + Yellow),10,28,25.4,0.36,,2/21/20,ants
952,SAME (Orange + Pink),16.4,9.1,7.9,0.3,,2/20/20,
953,ENCA (Pink),43.1,22.4,13,0.4,,2/15/20,
954,RHOV (White + Pink),12.7,9.6,8.6,0.6,,2/6/20,
955,RHOV (White + Pink),13.1,9.8,7.6,0.491,,2/7/20,
956,SAAP (White + Green),19.6,19,13.5,0.6,,2/15/20,
957,CEOL (Orange),13.6,7.6,7.8,0.3,,2/21/20,
958,NO PLANT,,,,,,,
959,ENCA (Pink),30.1,9.2,9.1,0.5,,2/21/20,
960,ENCA (Pink),33.4,15.1,8.2,0.4,,2/21/20,
961,RHOV (White + Pink),15.6,9.4,10.2,0.7,,2/21/20,
962,HEWH (White),18.1,35.4,16.8,,,2/21/20,
963,CEOL (Orange),16.6,9.1,6.6,0.3,,2/21/20,
964,MALA (White + Yellow),45.1,15.2,16.9,0.6,,2/21/20,
965,HEWH (White),22.8,67,17.4,,,2/20/20,
966,HEAR,10.4,12.1,8.2,0.31,,3/3,
967,ADFA (Orange + Green),56.3,83.2,49.6,0.73,1 GAL,2/21/20,
968,SAAP (White + Green),14,15.1,10.15,0.5,,2/15/20,
969,HEWH (White),23,35.6,30.1,,,2/21/20,
970,ENCA (Pink),37.6,9.9,9.4,0.3,,2/21/20,
971,CEOL (Orange),6,8,5.5,0.16,,2/21/20,
972,ADFA (Orange + Green),57.8,35.9,21,1.62,2 GAL,2/21/20,
973,MALA (White + Yellow),42.1,17.4,13.9,0.6,,2/21/20,
974,SANI (Orange + Yellow),14.4,28.1,16.4,0.7,,2/20/20,
975,CEOL (Orange),15.6,7.3,6.9,0.3,,2/21/20,
976,RHOV (White + Pink),12.4,8.9,6.8,0.272,,2/7/20,
977,SAAP (White + Green),16.8,17.1,14.5,0.5,,2/20/20,
978,RHOV (White + Pink),8.4,7.5,7.3,0.4,,2/6/20,
979,ENCA (Pink),51.8,14.7,14.3,0.42,,3/19/20,replant
980,ENCA (Pink),33.4,14.8,14.3,0.35,,3/19/20,replant and moved
981,HEWH (White),21.6,44.6,27.1,,,2/21/20,
982,ADFA (Orange + Green),29.9,63.3,41.7,0.7,1 GAL,2/21/20,
983,HEWH (White),21.2,39.5,35.8,,,2/15/20,
984,HEWH (White),35.8,34.6,12.2,,,2/20/20,
985,MALA (White + Yellow),38.5,29.3,19.1,0.4,,2/21/20,
986,SANI (Orange + Yellow),14.4,15.9,13.6,1.1,,2/15/20,
987,CEOL (Orange),18.6,8.3,7.9,0.3,,2/20/20,
988,MALA (White + Yellow),24.5,19.2,13.6,0.4,,2/15/20,
989,SANI (Orange + Yellow),11.1,17.6,11,0.7,,,
990,CEOL (Orange),14.1,9.4,9.7,0.2,,2/20/20,
991,CEOL (Orange),5.7,6.6,4.1,0.2,,2/20/20,
992,CEOL (Orange),13.8,13.7,8.4,0.3,,2/20/20,
993,ADFA (Orange + Green),47.8,40.2,39.8,0.73,1 GAL ,2/21/20,
994,ADFA (Orange + Green),56.7,41.8,23.1,1.25,2 GAL,2/21/20,
995,HEWH (White),22.8,51.4,31.9,,,,
996,ENCA (Pink),38.6,13,8.8,0.33,,2/21/20,
997,ENCA (Pink),38.8,21.6,10.8,0.5,,2/20/20,
998,ADFA (Orange + Green),47.5,50.3,47.2,0.67,1 GAL ,2/21/20,dug not planted?
999,ENCA (Pink),39.4,7.4,7.4,0.39,,2/21/20,
1000,RHOV (White + Pink),9.6,7.9,6.7,0.226,,2/7/20,
1001,CEOL (Orange),28.4,16.4,11.2,0.3,,,No Date
1002,SAME (Orange + Pink),5.25,6.5,4.75,0.21,,2/20/20,
1003,MALA (White + Yellow),22.5,17.1,9.4,0.47,,2/3/20,
1004,HEWH (White),21.1,51.2,19.7,,,2/5/20,
1005,CEOL (Orange),4.75,4.5,5,0.13,,2/7/20,
1006,HEWH (White),,,,,,,already planted
1007,ADFA (Orange + Green),58.6,62.5,54.1,0.87,1 GAL ,2/3/20,
1008,RHOV (White + Pink),10.24,6.97,5.22,0.49,,2/3/20,
1009,HEWH (White),20.2,45,38.4,,,2/5/20,
1010,ADFA (Orange + Green),41.8,53.4,48.9,0.73,1 GAL,2/3/20,
1011,RHOV (White + Pink),8.86,8.46,5.5,0.33,,2/4/20,
1012,MALA (White + Yellow),25.5,15.3,15.9,0.46,,2/3/20,
1013,SANI (Orange + Yellow),8.5,17,9.75,0.29,,2/18/20,
1014,ENCA (Pink),30.3,9.2,11,0.55,,2/5,
1015,ENCA (Pink),32,7.75,7.5,0.26,,2/6/20,
1016,MALA (White + Yellow),29.75,9.75,9.5,0.31,,2/14/20,
1017,HEWH (White),22,33,28,1.38,,2/20/20,
1018,HEWH (White),24.75,39.25,16.5,2.15,,2/20/20,
1019,CEOL (Orange),18.25,10,9.5,0.24,,2/6,
1020,SAME (Orange + Pink),6.8,6.25,5.25,0.29,,2/25,
1021,RHOV (White + Pink),10.41,6.33,6.02,0.44,,2/3/20,
1022,CEOL (Orange),19,8,6.5,0.24,,2/6/20,
1023,CEOL (Orange),13,6.5,5,0.13,,2/6/20,
1024,CEOL (Orange),13.5,9.5,9,0.13,,2/6/20,
1025,HEWH (White),25.25,29.75,28.25,1.9,,2/18/20,
1026,HEWH (White),15,39.75,5,0.95,,2/18/20,
1027,CEOL (Orange),19.25,14.5,13.25,0.2,,2/6/20,
1028,HEWH (White),18,29.6,24,,,2/5/20,
1029,ADFA (Orange + Green),37.2,27.9,36.2,0.99,1 GAL ,2/3/20,
1030,HEWH (White),33.3,38,23.2,,,2/5/20,No stem diameter
1031,RHOV (White + Pink),13.48,6.82,7.66,0.52,,2/3/20,
1032,ADFA (Orange + Green),51.5,54,31.5,0.71,1 GAL,2/27,
1033,CEOL (Orange),7.75,7.75,7,0.18,,2/25,
1034,ADFA (Orange + Green),59.3,52,39.4,0.63,1 GAL ,2/3/20,
1035,CEOL (Orange),11.4,7,6.8,0.26,,2/6/20,
1036,RHOV (White + Pink),10.5,9.75,5.5,0.37,,2/27,
1037,HEWH (White),30.8,35,26,1.37,,2/20/20,
1038,CEOL (Orange),11.1,8.1,7,0.28,,2/6/20,
1039,SAAP (White + Green),9.5,6.75,6,0.24,,2/18/20,
1040,HEWH (White),13.8,37.4,24.8,,,2/20/20,
1041,HEWH (White),31.5,26,14.75,1.88,,2/18/20,
1042,CEOL (Orange),5.8,4,2.3,0.15,,2/20/20,
1043,RHOV (White + Pink),8.76,5.85,4.85,0.31,,2/3/20,
1044,MALA (White + Yellow),33.75,16,10.75,0.32,,2/18/20,
1045,ENCA (Pink),19.8,17.6,13,0.31,,2/6/20,
1046,ENCA (Pink),37.1,8.9,7.6,0.43,,2/6/20,
1047,HEWH (White),16.25,36.75,12.75,1.25,,2/18/20,
1048,ADFA (Orange + Green),46.8,58.2,52.3,0.79,1 GAL ,2/3/20,
1049,CEOL (Orange),4,3.75,3,0.1,,2/7/20,
1050,SAAP (White + Green),14.5,15.5,13.75,0.62,,2/18/20,
1051,HEWH (White),20.25,26.75,23,,,2/25,
1052,RHOV (White + Pink),9.22,5.57,5.72,0.25,,2/4/20,
1053,MALA (White + Yellow),41.75,16.5,11.25,0.41,,2/18/20,
1054,HEWH (White),21.5,25.25,11,1.54,,2/18/20,
1055,ENCA (Pink),25.5,11,9.25,0.4,,2/25,
1056,HEWH (White),23.5,36.5,27.5,,,2/25,
1057,SAME (Orange + Pink),6.4,5.75,4.5,0.22,,2/25,
1058,ENCA (Pink),39.1,12.2,11.3,0.35,,2/6/20,
1059,MALA (White + Yellow),24.75,8,6.75,0.28,,2/18/20,
1060,ADFA (Orange + Green),23,66,49.5,0.9,1 GAL ,2/7,
1061,CEOL (Orange),8.75,7,4,0.23,,2/25,
1062,CEOL (Orange),13,9,7.5,0.32,,2/25,
1063,HEWH (White),21,44,34.75,,,2/25,
1064,ADFA (Orange + Green),56,34.5,30.5,3,2 GAL,2/7,
1065,MALA (White + Yellow),39.5,16.75,15.25,0.47,,2/21/20,
1066,SANI (Orange + Yellow),9.5,16.75,8.25,0.39,,2/18/20,
1067,HEWH (White),19,36.5,14,,,2/25,
1068,HEWH (White),32,39,28,,,2/25,
1069,ENCA (Pink),40.8,14.8,9.6,0.32,,2/6,
1070,SANI (Orange + Yellow),14.75,19.75,15,0.57,,2/18/20,
1071,RHOV (White + Pink),6.99,5.02,4.5,0.39,,2/4/20,
1072,RHOV (White + Pink),8.83,5.19,4.18,0.22,,2/4,there's a note written above stem diameter but not legible
1073,HEWH (White),20.6,27.1,13.2,,,2/21/20,
1074,ENCA (Pink),34.1,10,7.5,0.61,,2/25,
1075,SAAP (White + Green),9.9,8.3,6.5,0.28,,2/21/20,
1076,MALA (White + Yellow),39.8,17.3,9.6,0.27,,2/21/20,
1077,RHOV (White + Pink),15.9,8.4,5.5,0.6,,2/21/20,
1078,HEWH (White),13.5,24,24,,,2/25,
1079,SAAP (White + Green),13,5.5,5.25,0.23,,2/27,
1080,HEWH (White),37.5,9,7.75,0.38,,2/25,
1081,CEOL (Orange),13.75,8,7.25,0.2,,2/25,
1082,ENCA (Pink),24,10,9.5,0.38,,2/25,
1083,HEWH (White),27.25,29.5,20.5,,,2/25,
1084,ENCA (Pink),25.5,9.5,9.75,0.42,,2/25,
1085,RHOV (White + Pink),20.9,11,7.1,0.4,,2/21/20,
1086,RHOV (White + Pink),16.7,10.2,8.5,0.7,,2/21/20,
1087,MALA (White + Yellow),21,11.5,10.25,0.6,,2/21/20,
1088,RHOV (White + Pink),9,9,8,0.49,,2/25,
1089,SANI (Orange + Yellow),9.75,15.75,15,0.34,,2/18/20,
1090,HEWH (White),14,31,24.5,,,2/25,
1091,HEWH (White),16,44,25,,,2/25,
1092,CEOL (Orange),10.75,9,7.75,0.19,,2/25,
1093,ENCA (Pink),44.25,8,7,0.42,,2/25,
1094,CEOL (Orange),28.25,11,9.5,0.43,,2/25,
1095,ENCA (Pink),42.5,7.5,6.75,0.44,,2/27,
1096,HEWH (White),16.25,42.5,26,,,2/25,
1097,CEOL (Orange),11.5,6,5.75,0.25,,2/25,
1098,HEWH (White),18.25,38.5,38.5,,,2/25,
1099,CEOL (Orange),7.75,5,4.75,0.19,,2/25,
1100,SANI (Orange + Yellow),11.5,19.75,18.75,0.46,,2/25,
1101,RHOV (White + Pink),12.1,6.4,4.38,0.4,,2/3/20,
1102,RHOV (White + Pink),9.36,6.29,4.79,0.67,,2/3/20,
1103,SAAP (White + Green),24.5,17.75,17.25,1.3,,2/13/20,
1104,RHOV (White + Pink),11.01,5.3,5.33,0.39,,2/3,
1105,HEWH (White),19.1,34,23.5,,,2/5/20,
1106,RHOV (White + Pink),9.07,5.76,6.02,0.42,,2/3,
1107,SANI (Orange + Yellow),8.25,14,12.5,0.41,,2/18/20,
1108,ADFA (Orange + Green),47.5,49.1,48,0.65,1 GAL ,2/3/20,
1109,ADFA (Orange + Green),33.3,57,43.5,0.57,1 GAL ,2/3/20,
1110,HEWH (White),20.2,34.2,30.5,,,2/5/20,
1111,CEOL (Orange),32.7,20.6,16.7,0.39,,2/5/20,
1112,CEOL (Orange),26.5,13.1,8.2,0.39,,2/5/20,
1113,SAME (Orange + Pink),7.5,2.75,2.25,0.2,,2/27,
1114,ENCA (Pink),33.4,9.8,7.9,0.39,,2/5/20,
1115,RHOV (White + Pink),12.45,8.67,5.51,0.52,,2/5/20,
1116,HEWH (White),21,46.5,14.75,,,2/27,
1117,ENCA (Pink),28.9,9.6,12.6,0.35,,2/5/20,
1118,RHOV (White + Pink),14.51,8.53,9.34,0.71,,2/5/20,
1119,CEOL (Orange),27.1,6.94,6.58,0.29,,2/5/20,
1120,ADFA (Orange + Green),49,53,37.5,1.6,2 GAL,2/7,
1121,CEOL (Orange),26.8,20.3,14.9,0.33,,2/5,
1122,ENCA (Pink),28.9,10.1,10,0.39,,2/5,
1123,HEWH (White),35.9,33.8,17.6,,,2/5,
1124,RHOV (White + Pink),10.45,6.28,6.33,0.31,,2/5,
1125,SAAP (White + Green),11.75,3,1.7,0.27,,2/27,
1126,CEOL (Orange),24.6,12.2,11.7,0.32,,2/5,
1127,ADFA (Orange + Green),62.5,47.75,21.5,0.82,1 GAL,2/18/20,
1128,HEWH (White),30,30.2,16.7,,,2/5,
1129,ENCA (Pink),19.3,11.1,10.6,0.31,,2/5,
1130,SAME (Orange + Pink),16,10,6.75,0.32,,2/27,
1131,CEOL (Orange),17.2,10.8,8.9,0.15,,2/5,
1132,CEOL (Orange),18.3,17,15.1,0.36,,2/5,
1133,ENCA (Pink),39.1,10.7,14.1,0.47,,2/5,
1134,SAME (Orange + Pink),10,7.5,6,0.5,,2/27,
1135,ENCA (Pink),33.6,5.6,6.2,0.38,,2/5,
1136,ENCA (Pink),35.2,9.6,8.9,0.37,,2/5,
1137,MALA (White + Yellow),42,14.4,9,0.45,,2/3,
1138,RHOV (White + Pink),14.2,7.9,6.6,0.32,,3/27/20,replant
1139,SAME (Orange + Pink),6.75,4,3.25,0.19,,2/27,
1140,SAME (Orange + Pink),12.25,4.25,3.5,0.21,,2/27,
1141,HEWH (White),10.5,56.5,18.5,,,2/27,
1142,CEOL (Orange),9,6.9,6.5,0.22,,2/27,
1143,MALA (White + Yellow),39.5,18.5,16.2,0.52,,2/27,
1144,HEWH (White),22,41.25,27.25,,,2/27,
1145,SANI (Orange + Yellow),8.5,18,17,0.48,,2/27,
1146,HEWH (White),17.6,46,25.25,,,2/27,
1147,HEWH (White),26.75,51,26.5,,,2/27,
1148,CEOL (Orange),9.5,7.5,6.8,0.22,,2/27,
1149,SANI (Orange + Yellow),10.75,15.75,10.2,0.54,,2/27,
1150,HEWH (White),13.6,35,4,,,2/18/20,
1151,CEOL (Orange),11.75,8.75,7.25,0.25,,2/27,
1152,HEAR,19.4,15.5,14.5,0.48,,2/27,
1153,MALA (White + Yellow),30,17,12.5,0.41,,2/27,
1154,SANI (Orange + Yellow),7.5,13.4,9.5,0.32,,2/27,
1155,SAAP (White + Green),13,8.9,6,0.42,,2/27,
1156,SAME (Orange + Pink),11.25,5.4,5.4,0.26,,2/27,
1157,HEWH (White),32.1,23,8.9,,,2/18,
1158,SAAP (White + Green),11.6,8.8,8.5,0.24,,2/27,
1159,ADFA (Orange + Green),39,74,38.5,1.2,1 GAL ,2/6/20,
1160,HEWH (White),27.75,42,18,,,2/27,
1161,ENCA (Pink),33.5,13,7.8,0.4,,2/27,
1162,ENCA (Pink),26.2,12.25,10.75,0.45,,2/27,
1163,SANI (Orange + Yellow),15.2,17.8,12,0.49,,2/18/20,
1164,SAME (Orange + Pink),8.4,4.5,4.25,0.29,,2/27,
1165,SAME (Orange + Pink),11.5,4.6,4.3,0.39,,2/29,
1166,RHOV (White + Pink),14.5,8.25,8.5,0.48,,2/6/20,
1167,HEWH (White),10.25,33.4,15,,,2/29,
1168,MALA (White + Yellow),20.1,10.75,10.5,0.35,,2/29,
1169,SAME (Orange + Pink),14.1,5.75,5.1,0.3,,2/29,
1170,CEOL (Orange),20.25,11.5,9,0.18,,2/6/20,
1171,SANI (Orange + Yellow),8,10.4,9.8,0.51,,2/29,
1172,CEOL (Orange),9.75,8.5,5.75,0.21,,2/29,
1173,SANI (Orange + Yellow),16.3,19.4,9,0.39,,2/18/20,
1174,ENCA (Pink),34,12.9,10.5,0.45,,2/29,
1175,ADFA (Orange + Green),54.5,47,25,2.1,2 GAL,2/7,
1176,ENCA (Pink),15.9,23,5,0.45,,2/18/20,
1177,RHOV (White + Pink),12.7,7.71,6.33,0.47,,2/6/20,
1178,RHOV (White + Pink),13.2,9.27,11.29,0.61,,2/6/20,
1179,ENCA (Pink),7.8,8.9,5.4,0.35,,2/18/20,
1180,MALA (White + Yellow),16.6,13,10.4,0.9,,2/20/20,
1181,CEOL (Orange),11.1,5.9,5.6,0.2,,2/29,
1182,HEWH (White),14.1,39.2,20,,,2/29,moved b/c gopher
1183,ADFA (Orange + Green),46.9,22.6,15.5,1.4,1 GAL / 2 GAL,,no date no pot size
1184,CEOL (Orange),11.8,12.9,6.5,0.2,,2/6/20,
1185,CEOL (Orange),24.1,8.9,7.4,0.24,,2/6/20,
1186,MALA (White + Yellow),36.8,13.1,12.1,0.32,,2/21/20,
1187,RHOV (White + Pink),10.16,6.64,6.6,0.53,,2/4/20,
1188,CEOL (Orange),7.2,6,5,0.15,,2/29,
1189,CEOL (Orange),7.5,6.8,4.9,0.18,,2/29,
1190,CEOL (Orange),8.6,6.2,5.5,0.21,,2/29,
1191,ADFA (Orange + Green),61.6,25,19,0.46,1 GAL ,2/7,
1192,ENCA (Pink),26.7,6.9,4.8,0.28,,2/6/20,
1193,SAME (Orange + Pink),12.3,6.1,5.25,0.21,,2/29,
1194,ADFA (Orange + Green),58.5,38.5,37.5,2.7, 2 GAL,2/7,
1195,MALA (White + Yellow),31.6,16.5,10.75,0.39,,3/3,
1196,MALA (White + Yellow),36.25,14.4,13.75,0.38,,2/29,
1197,SANI (Orange + Yellow),,,,,,,
1198,RHOV (White + Pink),12.4,8.97,6.85,0.42,,2/6/20,
1199,SAME (Orange + Pink),5.4,2.3,1.9,0.18,,2/29,
1200,ENCA (Pink),28.25,23.75,19,0.42,,2/29,
1201,ADFA (Orange + Green),42.5,58,48,0.83,1 GAL,2/18/20,
1202,SAAP (White + Green),13,20.5,11,0.62,,2/14/20,
1203,HEWH (White),19.2,30.2,26,,,2/3/20,
1204,RHOV (White + Pink),9.19,7.05,6.8,0.51,,2/3/20,
1205,SANI (Orange + Yellow),10.5,23.5,12.5,0.26,,2/14/20,
1206,CEOL (Orange),15,7.9,7.8,0.23,,2/6,
1207,SANI (Orange + Yellow),12.25,11,7.25,0.33,,2/14/20,
1208,HEWH (White),18,49.75,19,0.5,,2/20/20,
1209,ADFA (Orange + Green),25.3,55.5,49.4,0.54,1 GAL ,2/3/20,
1210,SAAP (White + Green),11.75,12.75,9.75,0.2,,2/20/20,
1211,SANI (Orange + Yellow),6.75,11.25,11,0.35,,2/14/20,
1212,CEOL (Orange),24.5,11.5,8.5,0.23,,2/14/20,
1213,ENCA (Pink),8.25,5.75,4.9,0.25,,2/20/20,
1214,SAAP (White + Green),9,6.25,5.25,0.24,,2/20/20,
1215,RHOV (White + Pink),7.2,5.49,5.9,0.41,,2/3/20,
1216,SAME (Orange + Pink),43.75,16.25,15,0.45,,2/14/20,
1217,RHOV (White + Pink),12.7,7.63,6.6,0.55,,2/4/20,
1218,MALA (White + Yellow),33.5,12.6,11.4,0.59,,3/3,
1219,CEOL (Orange),15.25,10.75,9.5,0.26,,2/14/20,
1220,SAAP (White + Green),25,16.2,11.6,0.3,,2/14/20,
1221,ENCA (Pink),40.3,29,13.8,0.35,,2/27,
1222,ADFA (Orange + Green),38.6,47.9,31.2,0.59,1 GAL,2/21/20,
1223,HEWH (White),24.9,39.5,12.1,,,2/27,
1224,ADFA (Orange + Green),41.8,50.4,44.9,0.5,1 GAL,2/21/20,
1225,MALA (White + Yellow),36.75,13.75,11.5,0.47,,2/14/20,
1226,ENCA (Pink),40.6,22.8,15.5,0.44,,2/29,
1227,ADFA (Orange + Green),45.3,43.8,29.2,1.01,2 GAL,2/4/20,
1228,CEOL (Orange),10.1,7.1,5.8,0.2,,2/29,
1229,HEWH (White),15.8,37.3,26.2,,,2/29,
1230,SAAP (White + Green),17.6,4.8,4.4,0.35,,2/20/20,
1231,HEAR,13.5,15.3,11.4,0.5,,2/29,
1232,HEWH (White),21.1,35.7,27.9,,,2/29,
1233,SAME (Orange + Pink),15.9,5.4,4.2,0.23,,2/29,
1234,CEOL (Orange),8.3,6.4,5.7,0.26,,2/29,
1235,MALA (White + Yellow),24.4,11.8,12.6,0.45,,3/3,
1236,RHOV (White + Pink),15.1,6.8,7.1,0.49,,2/29,
1237,RHOV (White + Pink),8.7,7.6,7.3,0.4,,2/29,
1238,ADFA (Orange + Green),54.3,57.9,40.3,1.34,2 GAL,2/4/20,
1239,ADFA (Orange + Green),61.2,50.5,45.5,2.23,2 GAL,2/21/20,already brown
1240,ADFA (Orange + Green),60.2,61.7,51.5,1.7,2 GAL,2/21/20,
1241,HEWH (White),16.6,55.8,35.7,,,2/29,
1242,SANI (Orange + Yellow),14.75,20,20,0.42,,2/18/20,
1243,ADFA (Orange + Green),39.1,48.6,49.8,0.7,1 GAL,2/21/20,
1244,RHOV (White + Pink),12.88,7.8,5.97,0.44,,2/4/20,
1245,ADFA (Orange + Green),46.2,58.9,55.3,0.7,1 GAL,2/21/20,
1246,SANI (Orange + Yellow),7.5,13.8,12.8,0.23,,2/18/20,
1247,ADFA (Orange + Green),58.6,46.1,33.1,1.6,2 GAL,2/21/20,
1248,SANI (Orange + Yellow),11,20,15.75,0.41,,2/18/20,
1249,ADFA (Orange + Green),49.2,59.5,39.8,0.5,1 GAL,2/21/20,
1250,RHOV (White + Pink),7.67,6.19,4.76,0.36,,2/4/20,
1251,ENCA (Pink),32.1,24.9,9.8,0.39,,3/3,
1252,HEWH (White),16.3,29.7,20.6,,,3/3,
1253,RHOV (White + Pink),,,,,,,already planted
1254,CEOL (Orange),7,4,3.3,0.18,,2/20/20,
1255,RHOV (White + Pink),8.25,7.01,4.7,0.42,,2/4,
1256,HEWH (White),11,26.1,18.1,,,3/2,
1257,HEWH (White) RHOV,18,10.7,10.3,0.71,,2/20/20,
1258,RHOV (White + Pink),7.46,4.78,4.83,0.34,,2/4/20,
1259,CEOL (Orange),7.4,5.2,5.1,0.27,,2/20/20,
1260,RHOV (White + Pink),8.67,7.1,3.44,0.32,,2/4/20,
1261,RHOV (White + Pink),5.36,4.02,4.2,0.24,,2/4/20,
1262,MALA (White + Yellow),45.7,29.2,26.3,0.6,,2/21/20,
1263,SANI (Orange + Yellow),12.2,9.8,7.6,0.42,,2/18/20,
1264,RHOV (White + Pink),7.75,0.5,6,0.26,,2/7,
1265,HEWH (White),24.2,27.2,28.5,,,2/5/20,
1266,RHOV (White + Pink),5.38,4.92,4.44,0.27,,2/3/20,
1267,CEOL (Orange),16.5,13.9,11.5,3.6,,2/5/20,
1268,HEWH (White),32.9,48,10.1,,,2/5/20,
1269,MALA (White + Yellow),35.75,13.25,12.5,0.41,,2/14/20,
1270,ADFA (Orange + Green),69,34,33.5,0.95,2 GAL,,
1271,SAME (Orange + Pink),21.4,9.9,7.4,0.57,,2/3/20,
1272,ENCA (Pink),43.1,8.72,6.93,0.43,,2/5/20,
1273,ENCA (Pink),31.2,8.2,8.6,0.66,,2/5/20,
1274,ADFA (Orange + Green),39.4,54.6,43.5,0.76,1 GAL,2/3/20,
1275,ADFA (Orange + Green),51,42.1,31.2,1.34,2 GAL,2/4/20,
1276,RHOV (White + Pink),12.7,7.9,6.4,0.41,,3/27/20,replant and moved
1277,MALA (White + Yellow),38.4,14.3,13.9,0.43,,2/21/20,
1278,SANI (Orange + Yellow),13.75,24.5,16.75,0.6,,2/18/20,
1279,HEWH (White),22.1,48.3,29.2,,,3/3,
1280,SANI (Orange + Yellow),8.4,20.5,12.3,0.39,,2/21/20,
1281,CEOL (Orange),12,12.1,7.2,0.3,,3/2,
1282,CEOL (Orange),,,,,,,already planted
1283,ENCA (Pink),7.2,4.9,3.4,0.15,,2/21/20,
1284,HEWH (White),27.3,51.4,12.3,,,3/3,
1285,CEOL (Orange),20,11.6,6.5,0.26,,2/6/20,
1286,HEWH (White),27.2,43.4,31.2,,,2/27,
1287,HEWH (White),31.4,34.3,13.7,,,2/27,
1288,SAAP (White + Green),23.4,12.6,10.3,0.39,,2/13/20,
1289,ADFA (Orange + Green),63.5,34.6,32.9,1.3,2 GAL,2/21/20,
1290,HEAR,20.8,15.6,13.1,0.27,,2/27,
1291,SAME (Orange + Pink),13.25,7.5,6.8,0.29,,3/3,
1292,ENCA (Pink),32,6.5,5.25,0.55,,3/3,
1293,HEWH (White),12.2,53.1,19,,,3/2,
1294,RHOV (White + Pink),6,5.5,3.25,0.28,,2/7/20,
1295,CEOL (Orange),8.3,7.1,5.9,0.2,,2/20/20,
1296,MALA (White + Yellow),38.8,18.8,13,0.4,,2/21/20,
1297,HEWH (White),22.4,53.75,37.75,,,3/3,
1298,ADFA (Orange + Green),52.4,63.2,50.7,0.81,1 GAL,2/21/20,
1299,CEOL (Orange),14,7.5,5.7,0.22,,2/21/20,
1300,ENCA (Pink),6.8,21.5,8.2,0.3,,3/2,
1301,ADFA (Orange + Green),28,35.1,38.9,0.54,1 GAL ,2/3/20,
1302,HEWH (White),22,43.5,41.5,1.41,,2/18/20,
1303,ENCA (Pink),26.25,7.5,6.5,0.34,,2/6/20,
1304,ENCA (Pink),30,7.5,6,0.31,,2/6/20,
1305,ADFA (Orange + Green),64.5,44,37,1.8,2 GAL,2/7,
1306,MALA (White + Yellow),40,13.75,13.5,0.37,,2/27,
1307,SAAP (White + Green),4.8,10.6,10.4,0.263,,2/29,
1308,ENCA (Pink),32,7.5,7.1,0.35,,2/27,
1309,NO PLANT,,,,,,,i-button present
1310,RHOV (White + Pink),15.4,7.93,6.86,0.43,,2/6/20,
1311,HEWH (White),14.1,26,19.2,,,2/29,
1312,RHOV (White + Pink),8,7.25,4.5,0.33,,2/6/20,
1313,RHOV (White + Pink),12.25,12.5,6.5,0.57,,2/6/20,
1314,SAME (Orange + Pink),8.3,6.2,4.6,0.3,,2/29,
1315,ENCA (Pink),29,11,10.5,0.37,,2/6/20,
1316,SAME (Orange + Pink),6.4,4.9,4.4,0.24,,2/29,
1317,HEWH (White),24.8,31.5,11.5,,,2/29,
1318,SANI (Orange + Yellow),11.6,13.1,9.6,0.35,,2/29,
1319,SAAP (White + Green),13.9,6.3,6,0.35,,2/29,
1320,SAME (Orange + Pink),8.8,8.9,6.1,0.21,,2/29,
1321,CEOL (Orange),25.75,25.5,5.25,0.45,,2/6/20,
1322,RHOV (White + Pink),11.5,9.5,9,0.46,,2/6/20,
1323,HEWH (White),20.9,32.9,11.6,,,2/29,
1324,SAME (Orange + Pink),10.4,9.4,6.9,0.2,,2/29,
1325,SAME (Orange + Pink),14.7,5.9,4.7,,,2/29,
1326,MALA (White + Yellow),31.4,11.8,11.4,0.39,,2/29,
1327,SANI (Orange + Yellow),6,9.9,4.3,2.9,,2/29,
1328,SAME (Orange + Pink),9.8,6.1,3.5,0.13,,2/29,
1329,HEWH (White),35.6,58.2,38.8,0.26,,2/29,ant hill
1330,ENCA (Pink),31.25,7.5,6.5,0.44,,2/6/20,
1331,SAME (Orange + Pink),10.4,4.2,4.8,0.212,,2/29,
1332,ENCA (Pink),27.5,6.5,5.5,0.31,,2/6/20,
1333,HEWH (White),19.8,41,27.4,,,2/29,
1334,HEWH (White),30.3,56.2,48.7,,,2/29,gopher - moved plot
1335,ENCA (Pink),29.5,9.7,8.2,0.194,,2/29,
1336,NO PLANT,,,,,,,doesnt exist
1337,NO PLANT,,,,,,,doesnt exist
1338,CEOL (Orange),25.75,16,11.5,0.26,,2/6/20,
1339,HEWH (White),33,57.2,8,,,2/18/20,
1340,CEOL (Orange),10.75,7,6,0.12,,2/6/20,
1341,SANI (Orange + Yellow),17.3,17.8,15.9,0.43,,2/18/20,
1342,ENCA (Pink),34.6,25.1,4.3,0.347,,2/29,
1343,SAAP (White + Green),20.5,14.6,8,0.27,,2/18/20,
1344,CEOL (Orange),8.75,7.75,7.25,0.15,,2/6/20,
1345,RHOV (White + Pink),12.5,9.5,8.75,0.63,,2/6/20,
1346,HEWH (White),23,45.6,29.5,,,2/29,
1347,ADFA (Orange + Green),54,64,47,1.53,2 GAL,2/6/20,
1348,MALA (White + Yellow),41.2,21,14,0.48,,2/18/20,
1349,SAME (Orange + Pink),8.6,5.8,4.3,0.19,,3/3,
1350,RHOV (White + Pink),10.5,9.75,6.5,0.44,,2/6/20,
1351,ADFA (Orange + Green),56.5,44.5,30,2.2,2 GAL,2/6/20,
1352,CEOL (Orange),19.5,9.5,10.5,0.21,,2/6/20,
1353,RHOV (White + Pink),8.75,9.75,6,0.44,,2/6/20,
1354,HEWH (White),20.2,29.7,27,,,2/18/20,
1355,SANI (Orange + Yellow),14.5,22,19.7,0.44,,2/18/20,
1356,RHOV (White + Pink),10.75,7.25,6,0.51,,2/6/20,
1357,ENCA (Pink),24.9,17.1,14.3,0.37,,2/29,
1358,CEOL (Orange),14.5,9,6,0.38,,2/6/20,
1359,ADFA (Orange + Green),25.2,62.4,24.6,0.58,1 GAL,2/29,
1360,CEOL (Orange),3.7,3,2,0.14,,2/29,
1361,ENCA (Pink),23.75,18.75,15.75,0.29,,2/29,
1362,ADFA (Orange + Green),44.6,43.5,42.75,0.7,1 GAL,2/29,
1363,SAME (Orange + Pink),8.6,5.3,5,0.22,,2/29,
1364,RHOV (White + Pink),5.08,5.11,5.09,0.22,,2/6/20,
1365,ENCA (Pink),28.25,26,21.75,0.38,,2/29,
1366,SAAP (White + Green),12.1,9.4,9,0.39,,2/29,
1367,RHOV (White + Pink),6.26,5.35,5.26,0.22,,2/6/20,
1368,RHOV (White + Pink),11.5,6.29,5.44,0.41,,2/6/20,
1369,ENCA (Pink),29.4,23.1,5.9,0.37,,2/6/20,
1370,HEWH (White),12,14.9,3,,,2/18/20,
1371,CEOL (Orange),21,13.1,10.1,0.19,,2/6/20,
1372,HEWH (White),24.5,20,34.2,,,2/18/20,
1373,MALA (White + Yellow),24,11.25,11.25,0.301,,2/21/20,
1374,SANI (Orange + Yellow),13.1,24.5,13.4,0.34,,2/21/20,
1375,CEOL (Orange),9.1,6.6,4.4,0.3,,2/29,
1376,HEAR,17.9,13.2,9.6,0.322,,2/29,
1377,SANI (Orange + Yellow),11,23.5,21.25,0.41,,2/18/20,
1378,SAME (Orange + Pink),8.5,6.2,5.4,0.27,,2/29,
1379,HEWH (White),16.3,37.1,33.3,,,2/29,
1380,RHOV (White + Pink),9.25,7.5,6.5,0.39,,2/7/20,
1381,CEOL (Orange),7.75,6,5.4,0.25,,2/29,
1382,SAME (Orange + Pink),8,7.1,6.2,0.23,,2/29,plot moved bc gopher
1383,RHOV (White + Pink),14.7,12.4,9.9,0.6,,2/21/20,
1384,CEOL (Orange),6.5,6.4,6.1,0.21,,2/20/20,
1385,SAAP (White + Green),12.2,15.3,14.4,0.6,,2/29,
1386,RHOV (White + Pink),9,8.25,6,0.41,,2/7/20,
1387,CEOL (Orange),14.3,8,6.7,0.22,,3/3,
1388,CEOL (Orange),9.3,6.7,4.4,0.15,,2/29,
1389,HEWH (White),24.2 OR 13.75,50 OR 47.5,17.8 OR 7,,,2/29,measured on two different data sheets: maybe one is meant to be 1398?
1390,RHOV (White + Pink),12.4,7.1,5.1,0.42,,3/27/20,replant and moved
1391,CEOL (Orange),9.2,5.3,4.3,0.37,,2/29,
1392,CEOL (Orange),19.6,8.5,6.2,0.26,,3/2,
1393,SANI (Orange + Yellow),10,19.5,11,0.42,,2/20/20,
1394,ADFA (Orange + Green),57,49,22.5,0.7,1 GAL,2/21/20,
1395,ADFA (Orange + Green),63.5,42.5,20,2.5,2 GAL,2/21/20,
1396,HEWH (White),37.3,56.1,34.9,,,2/29,
1397,MALA (White + Yellow),28.2,16.2,9.2,0.39,,2/21/20,
1398,NO PLANT,,,,,,,
1399,RHOV (White + Pink),15.4,8.55,6.03,0.65,,2/6/20,
1400,SAAP (White + Green),13.1,7.1,3.7,0.22,,2/28,
1401,CEOL (Orange),14.5,8,7.2,0.22,,2/20/20,
1402,RHOV (White + Pink),13.2,9.6,7.3,0.43,,3/27/20,replant
1403,MALA (White + Yellow),35.7,12.4,11.8,0.4,,2/21/20,
1404,HEAR,11.5,10.8,8.7,0.37,,3/4,
1405,RHOV (White + Pink),7.51,5.61,5.24,0.32,,2/6/20,
1406,CEOL (Orange),9.5,7.4,6.8,0.2,,2/28,
1407,HEAR,8,11.8,9.9,0.37,,3/4,
1408,RHOV (White + Pink),11.51,7.41,4.83,0.56,,2/6/20,
1409,HEAR,16.9,8.7,8.3,0.41,,3/4,
1410,HEAR,12.1,9.2,9.1,0.34,,3/4,
1411,HEAR,8.9,9,6.1,0.29,,3/4,
1412,RHOV (White + Pink),12.9,8.8,4.48,0.37,,2/6/20,
1413,RHOV (White + Pink),9.5,6.9,6.5,0.49,,3/27/20,replant
1414,RHOV (White + Pink),14,6.41,5.81,0.49,,2/6/20,
1415,HEAR,10.1,7.7,6.9,0.28,,3/4,
1416,HEAR,9.5,10.1,7.4,0.35,,3/4,
1417,HEAR,11.6,10.3,9.2,0.32,,3/4,
1418,ADFA (Orange + Green),60.3,56.8,29.6,1.24,2 GAL,2/21/20,
1419,SAAP (White + Green),11.6,12.5,5.8,0.3,,2/29,
1420,HEAR,8.3,9.7,7.6,0.34,,3/4,
1421,HEAR,12,9.7,8.6,0.32,,3/4,
1422,HEAR,5.3,5.2,4.5,0.2,,3/4,
1423,HEAR,9.4,6.5,6.4,0.3,,3/4,
1424,HEAR,11.4,7.8,7.2,0.41,,3/4,
1425,HEAR,12,15.8,11,0.4,,3/4,
1426,HEAR,10.2,8,7.3,0.3,,3/4,
1427,HEAR,10.3,8.3,6.4,0.33,,3/4,
1428,HEAR,7.6,8.2,5.5,0.29,,3/4,
1429,HEAR,14.9,14,13.9,0.39,,3/4,
1430,HEAR,20.2,14.6,11.8,0.51,,3/4,
1431,HEAR,11.1,11.2,10.4,0.38,,3/4,
1432,HEAR,11.4,9.8,7.4,0.29,,3/4,
1433,HEAR,7.7,11.6,4.9,0.4,,3/4,
1434,HEAR,16.6,17,12.9,0.34,,3/4,
1435,HEAR,8.9,10.6,8.8,0.5,,3/4,
1436,HEAR,13.1,9.4,7.8,0.41,,3/4,
1437,HEAR,12.7,9.2,6.7,0.3,,3/4,
1438,HEAR,12.5,8.4,7.3,0.3,,3/4,
1439,HEAR,9,10.1,7.6,0.3,,3/5,
1440,HEAR,9.3,8,6.5,0.22,,3/5,
1441,HEAR,7.8,6.7,4.2,0.23,,3/5,
1442,HEAR,12.5,9.4,6.4,0.4,,3/4,
1443,HEAR,8.3,11.2,6.1,0.49,,3/5,
1444,HEAR,9.4,9.1,7.8,0.6,,3/5,
1445,HEAR,9.4,10.4,5.5,0.42,,3/5,
1446,HEAR,10.6,10.9,5.1,0.27,,3/5,
1447,HEAR,13,8.7,6.5,0.3,,3/4,
1448,HEAR,8.5,7,5.6,0.26,,3/5,
1449,HEAR,10.6,9.6,9.7,0.4,,3/4,
1450,HEAR,9.6,8.6,7.3,0.3,,3/4,
1451,HEAR,7.6,7.8,4.9,0.3,,3/5,
1452,HEAR,9.1,10.2,7.1,0.3,,3/5,
1453,HEAR,11.4,9.3,6.8,0.4,,3/4,
1454,HEAR,8.2,10.6,7.4,0.57,,3/5,
1455,HEAR,7.9,9.4,5.7,0.21,,3/4,
1456,HEAR,8.4,9.7,5.7,0.32,,3/4,
1457,HEAR,7.7,6.8,6.3,0.27,,3/4,
1458,HEAR,13.9,12.9,10.8,0.35,,3/5,
1459,HEAR,10.8,7.2,6.3,0.29,,3/5,
1460,HEAR,8.1,7.6,4.9,0.31,,3/5,
1461,HEAR,7.3,5.3,5,0.3,,3/5,
1462,ADFA (Orange + Green),20.2,60.75,40,0.88,1 GAL,3/5,
1463,ADFA (Orange + Green),56.75,38,37.25,1.21,2 GAL,3/5,
1464,ADFA (Orange + Green),42.5,62,33,1.69,2 GAL,3/5,
1465,ADFA (Orange + Green),52.75,30.75,23.75,1,2 GAL,3/5,
1466,ADFA (Orange + Green),51,22.5,16.75,0.76,1 GAL,3/5,
1467,ADFA (Orange + Green),48.25,65,32.5,1.28,2 GAL,3/5,
1468,ADFA (Orange + Green),36,36,24.25,1.62,2 GAL,3/5,
1469,ADFA (Orange + Green),58,59.5,50.25,1.98,2 GAL,3/5,
1470,ADFA (Orange + Green),54.25,37.25,36.5,1.55,2 GAL,3/5,
1471,ADFA (Orange + Green),55.25,41.5,33.3,1.29,2 GAL,3/5,
1472,ADFA (Orange + Green),50.1,36.25,29,1.11,2 GAL,3/5,
1473,ADFA (Orange + Green),58.25,36,35.25,1.38,2 GAL,3/5,
1474,ADFA (Orange + Green),36.75,36.75,31,0.52,1 GAL,3/5,
1475,ADFA (Orange + Green),62,53.5,47.25,0.58,1 GAL,3/5,
1476,ADFA (Orange + Green),53.5,33,27.5,1.12,2 GAL,3/5,
1477,ADFA (Orange + Green),42.9,41.75,27.5,0.61,1 GAL,3/5,
1478,HEAR,7.1,6.3,3,0.31,,3/5,
1479,SANI (Orange + Yellow),10.6,14.5,6.3,0.4,,3/6,
1480,HEAR,10.6,8.2,8.1,0.22,,3/5,
1481,HEAR,6.9,11.1,6,0.41,,3/5,
1482,HEAR,10.1,7.6,6.8,0.3,,3/5,
1483,HEAR,6.3,9.1,5.3,0.29,,3/5,
1484,HEAR,8.6,7.7,7.2,0.43,,3/5,
1485,HEAR,8.6,11.6,8.1,0.44,,3/5,
1486,HEAR,7.2,7.5,6.8,0.3,,3/5,
1487,HEAR,7.9,8.2,8.6,0.34,,3/5,
1488,HEAR,10.2,6.1,5,0.29,,3/5,
1489,NO PLANT,,,,,,,
1490,NO PLANT,,,,,,,
1491,HEAR,12.9,8.3,7.3,0.26,,3/5,
1492,HEAR,9.8,7.2,7,0.38,,3/5,
1493,HEAR,9,9.2,6.2,0.38,,3/5,
1494,HEAR,7.7,9.9,8.1,0.31,,3/5,
1495,HEAR,8.6,6.3,5.9,0.5,,3/5,
1496,HEAR,8.9,9.1,6,0.35,,3/5,
1497,HEAR,8.5,6.4,5.2,0.28,,3/5,
1498,HEAR,10.1,8.9,8.8,0.43,,3/5,
1499,HEAR,6.8,7.2,6.8,0.39,,3/5,
1500,HEAR,8.7,13.6,3.4,0.48,,3/5,
1501,SAME (Orange + Pink),9.6,4.2,3.5,0.15,,3/6,
1502,SANI (Orange + Yellow),10.4,12.1,10.9,0.25,,3/6,
1503,SAME (Orange + Pink),9,5.1,5,0.19,,3/6,
1504,SAME (Orange + Pink),5.1,2.5,2,0.14,,3/6,
1505,SANI (Orange + Yellow),8.2,11.1,7.5,0.24,,3/6,
1506,SANI (Orange + Yellow),15.2,15.1,13.5,0.41,,3/6,
1507,HEAR,11.1,11,6.9,0.23,,3/5,
1508,HEAR,7.9,8.1,3.2,0.52,,3/5,
1509,HEAR,8.3,6.2,3.8,0.23,,3/5,
1510,HEAR,18.3,11.6,10.4,0.61,,3/9,
1511,HEAR,13.8,7.9,7.8,0.47,,3/5,
1512,HEAR,9.1,7.8,2.8,0.37,,3/5,
1513,HEAR,8.2,9.8,8,0.44,,3/5,
1514,HEAR,10.4,9,6.2,0.33,,3/5,
1515,HEAR,14.1,18.8,12.4,0.32,,3/5,
1516,NO PLANT,,,,,,,
1517,SAME (Orange + Pink),13.9,5.2,5.1,0.23,,3/5,
1518,HEAR,36.1,20.7,19.6,0.48,,3/5,
1519,HEAR,6.8,6.9,6.3,0.31,,3/5,
1520,HEAR,7.8,9.4,4.8,0.47,,3/5,
1521,HEAR,7.3,9,7.1,0.3,,3/5,
1522,HEAR,7.3,8.6,8.6,0.4,,3/5,
1523,HEAR,13.4,13.1,10.4,0.4,,3/5,
1524,HEAR,12.3,13.7,13.7,0.6,,3/5,
1525,HEAR,8.4,7.1,4.1,0.3,,3/5,
1526,HEAR,10.3,8.4,5.2,0.7,,3/5,
1527,HEAR,6.6,9.4,7,0.6,,3/5,
1528,HEAR,6.4,7.6,7.7,0.4,,3/5,
1529,HEAR,5.7,10.6,4.5,0.4,,3/5,
1530,HEAR,4.6,6.7,7.5,0.4,,3/5,
1531,SANI (Orange + Yellow),10.1,10.6,10.6,0.3,,3/6,
1532,SAME (Orange + Pink),10.5,7.8,7.2,0.3,,3/6,
1533,SANI (Orange + Yellow),9.4,13.3,9.3,0.3,,3/6,
1534,SANI (Orange + Yellow),6.8,20.9,10.7,0.4,,3/6,
1535,HEAR,7.25,8.4,3.9,0.36,,3/5,
1536,HEAR,8.6,7,4.9,0.41,,3/5,
1537,HEAR,3.1,13.6,7.4,0.5,,3/5,
1538,HEAR,6.3,8.25,6,0.38,,3/5,
1539,HEAR,6.4,4.8,3.9,0.25,,3/5,
1540,SANI (Orange + Yellow),5.5,12.1,9,0.5,,3/6,
1541,SANI (Orange + Yellow),12.6,14.1,9.2,0.3,,3/6,
1542,SAME (Orange + Pink),10.7,6.5,6.3,0.4,,3/6,
1543,SAME (Orange + Pink),12.3,9.1,7.5,0.3,,3/6,
1544,SANI (Orange + Yellow),7.1,14.1,8.3,0.4,,3/6,
1545,SAME (Orange + Pink),3.4,1.8,1,0.2,,3/6,
1546,SAME (Orange + Pink),6.5,5.3,5.1,0.3,,3/6,
1547,SANI (Orange + Yellow),2.9,4.5,3.7,0.3,,3/6,
1548,SANI (Orange + Yellow),7.6,16.1,11.4,0.3,,3/6,
1549,SAME (Orange + Pink),6.1,4.1,2.6,0.2,,3/6,
1550,SANI (Orange + Yellow),13.1,26.7,23.1,0.7,,3/6,
1551,SANI (Orange + Yellow),9.1,15.1,14.4,0.3,,3/6,
1552,SANI (Orange + Yellow),7.5,12,10.5,0.35,,3/6,
1553,SANI (Orange + Yellow),9.75,19.25,15.75,0.4,,3/6,
1554,SAME (Orange + Pink),5.25,5.25,5.1,0.25,,3/6,
1555,SAME (Orange + Pink),4.2,3.25,2.8,0.19,,3/6,
1556,SAME (Orange + Pink),5.75,10.8,6.9,0.39,,3/6,
1557,SANI (Orange + Yellow),8.4,12.9,10.4,0.31,,3/6,
1558,SAME (Orange + Pink),11.8,5.9,5.6,0.25,,3/6,
1559,SANI (Orange + Yellow),7.75,13.6,13.5,0.43,,3/6,
1560,SANI (Orange + Yellow),8.25,13,11.2,0.32,,3/6,
1561,SANI (Orange + Yellow),9.75,16.6,10.7,0.47,,3/6,
1562,SAME (Orange + Pink),4.9,4.4,3.9,0.24,,3/6,
1563,SANI (Orange + Yellow),4.4,9.4,6.5,0.32,,3/6,
1564,SANI (Orange + Yellow),15.5,20.9,14.5,0.32,,3/6,
1565,SAME (Orange + Pink),6.4,4,3.5,0.25,,3/6,
1566,SANI (Orange + Yellow),7.2,10.9,7.3,0.25,,3/6,
1567,SAME (Orange + Pink),5.1,4.3,3.9,0.23,,3/6,
1568,SANI (Orange + Yellow),12.5,12.25,6.25,0.56,,3/6,
1569,SANI (Orange + Yellow),7.5,12.9,12.8,0.39,,3/6,
1570,SAME (Orange + Pink),5,3.25,2.4,0.22,,3/6,
1571,SANI (Orange + Yellow),8,8.8,7.8,0.32,,3/6,
1572,SAME (Orange + Pink),1.7,4.9,4.3,0.18,,3/6,
1573,SANI (Orange + Yellow),7.8,9.2,4.5,0.31,,3/6,
1574,SANI (Orange + Yellow),11,16.1,11.6,0.3,,3/6,
1575,SAME (Orange + Pink),4.8,4.1,3.7,0.18,,3/6,
1576,SANI (Orange + Yellow),10.6,11.2,8.8,0.19,,3/6,
1577,SANI (Orange + Yellow),10,9.8,8.1,0.18,,3/6,
1578,SANI (Orange + Yellow),8.5,18.6,14.3,0.32,,3/6,
1579,SANI (Orange + Yellow),3,2.6,1.9,0.16,,3/6,
1580,SAME (Orange + Pink),9.6,5,4.4,0.26,,3/6,
1581,SANI (Orange + Yellow),12,21.9,15.6,0.51,,3/6,
1582,SAME (Orange + Pink),9.6,7.5,5.5,0.19,,3/6,
1583,SAME (Orange + Pink),4.2,3.3,2.9,0.2,,3/6,
1584,SAME (Orange + Pink),6.5,4.9,3.9,0.5,,3/6,
1585,SANI (Orange + Yellow),9,7.6,5.3,0.27,,3/6,
1586,SANI (Orange + Yellow),10.1,14,9.9,0.3,,3/6,
1587,SANI (Orange + Yellow),14.8,17.6,18.6,0.9,,3/6,
1588,SAME (Orange + Pink),3.3,4.3,3.9,0.16,,3/6,
1589,SANI (Orange + Yellow),15,20.9,16.6,0.63,,3/6,
1590,HEAR,9.7,12.6,11.25,0.32,,3/9,
1591,HEAR,5.7,16.25,12.25,0.38,,3/9,
1592,HEAR,6.5,12.4,11,0.39,,3/9,
1593,HEAR,12.8,16,15.5,0.33,,3/9,
1594,SANI (Orange + Yellow),3.8,7.7,7.6,0.3,,3/9,
1595,SAME (Orange + Pink),8.4,7.7,6.7,0.26,,3/9,
1596,SAME (Orange + Pink),6.5,5.4,4.2,0.26,,3/9,
1597,SANI (Orange + Yellow),6.9,7,6.2,0.31,,3/9,
1598,SAME (Orange + Pink),3.4,4,3.5,0.21,,3/9,
1599,SANI (Orange + Yellow),9.4,10.6,10.5,0.35,,3/6,
1600,SANI (Orange + Yellow),12.3,28.5,15.2,0.38,,3/6,
1601,SAME (Orange + Pink),6.2,5.5,5.3,0.19,,3/9,
1602,SANI (Orange + Yellow),6.25,20.4,8.4,0.39,,3/9,
1603,SANI (Orange + Yellow),5.8,12.3,8.5,0.29,,3/9,
1604,SAME (Orange + Pink),4.5,3.9,2.9,0.27,,3/9,
1605,HEAR,15.4,15.6,14.1,0.35,,3/9,
1606,SAME (Orange + Pink),10.2,3.4,3.2,0.16,,3/9,
1607,SANI (Orange + Yellow),9.1,10.3,8.8,0.52,,3/9,
1608,SAME (Orange + Pink),8.4,5.4,4.8,0.23,,3/9,
1609,SANI (Orange + Yellow),8.2,15.8,7.9,0.39,,3/9,
1610,SAME (Orange + Pink),8,3.4,3.3,0.25,,3/9,
1611,SANI (Orange + Yellow),13.6,12.3,7.8,0.28,,3/9,
1612,SAME (Orange + Pink),8.3,5.2,4.9,0.24,,3/9,
1613,SANI (Orange + Yellow),6.9,10.2,7.7,0.18,,3/9,
1614,ADFA (Orange + Green),96.5,70.3,35.6,1.4,2 GAL,3/9,
1615,SAME (Orange + Pink),13.8,10.2,7.8,0.22,,3/9,
1616,SANI (Orange + Yellow),10,9.9,9.6,0.33,,3/9,
1617,ADFA (Orange + Green),58.6,36.4,29.6,0.9,2 GAL,3/9,
1618,HEAR,13,14.8,10.3,0.37,,3/9,
1619,SANI (Orange + Yellow),5.6,9.5,6.8,0.32,,3/9,
1620,ADFA (Orange + Green),50.8,39,25.5,1.18,2 GAL,3/9,
1621,ADFA (Orange + Green),57.75,51.75,41.5,1.37,2 GAL,3/9,
1622,ADFA (Orange + Green),50,51.5,37.5,1.5,2 GAL,3/9,
1623,ADFA (Orange + Green),52.4,57,31.5,1.23,2 GAL,3/9,
1624,ADFA (Orange + Green),57,62.5,51.25,1.4,2 GAL,3/9,
1625,ADFA (Orange + Green),65.1,52.5,35.8,1.22,2 GAL,3/9,
1626,ADFA (Orange + Green),59.5,35.4,21.6,1.1,2 GAL,3/18,
1627,ADFA (Orange + Green),54.2,66.3,49.1,1.45,2 GAL,3/18,
1628,ADFA (Orange + Green),50.3,50.7,24.7,1.17,2 GAL,3/18,
1629,HEAR,22.9,9.4,8.9,0.5,,3/18,
1630,ADFA (Orange + Green),63.8,56.6,41.2,0.99,2 GAL,3/18,
1631,ADFA (Orange + Green),66.1,53.2,40.4,1.5,2 GAL,3/18,
1632,ADFA (Orange + Green),71.1,50.5,37.9,1.39,2 GAL,3/18,
1633,ADFA (Orange + Green),80.9,47.2,19.5,1.2,2 GAL,3/18,
1634,HEAR,14.5,12,13.9,0.35,,3/18,
1635,ADFA (Orange + Green),55.5,47.1,36.5,1.4,2 GAL,3/18,
1636,ADFA (Orange + Green),55.2,55.9,25.2,1.1,2 GAL,3/18,
1637,ADFA (Orange + Green),63.2,61.9,28.5,1.3,2 GAL,3/18,
1638,HEAR,9.9,11.6,8.2,0.52,,3/19,
1639,ADFA (Orange + Green),53.5,51.5,47.25,1.35,2 GAL,3/19,
1640,SANI (Orange + Yellow),7.3,10.4,9.9,0.3,,3/27,
1641,ADFA (Orange + Green),60.2,25.6,24.2,1.9,2 GAL,3/19,
1642,HEAR,21.9,18.4,15.5,0.5,,3/19,
1643,HEAR,19.5,14.7,12.2,0.5,,3/19,
1644,ADFA (Orange + Green),59.8,49.1,39.6,1.39,2 GAL,3/19,
1645,ADFA (Orange + Green),54.1,30.1,25.3,1.49,2 gal,3/19,
1646,ADFA (Orange + Green),60.4,63.6,31.9,1.61,2 gal,3/19,
1647,SAME (Orange + Pink),8.4,7.2,5.3,0.28,,3/27,
1648,SANI (Orange + Yellow),7.6,12.4,7.1,0.49,,3/27,
1649,SAME (Orange + Pink),7.9,7.2,5.6,0.18,,3/27,
1650,SANI (Orange + Yellow),8,6.5,6.25,0.48,,3/27,
1651,SAME (Orange + Pink),5,5.5,4.75,0.29,,3/27,
1652,SANI (Orange + Yellow),8.1,11.3,10.1,0.41,,3/27,
1653,SAME (Orange + Pink),9.1,7.4,5.3,0.22,,3/27,
1654,SANI (Orange + Yellow),6.4,9.4,7.75,0.35,,3/27,
1655,SAME (Orange + Pink),5.1,4.4,3.8,0.27,,3/27,
1656,SAME (Orange + Pink),12.1,7.9,7.9,0.35,,3/27,
1657,SANI (Orange + Yellow),5.8,8.5,6.7,0.4,,3/27,
1658,SANI (Orange + Yellow),7.7,9,8.6,0.3,,3/27,
1659,SAME (Orange + Pink),7.6,3.6,3,0.25,,3/27,
1660,NO PLANT,,,,,,,
1661,SAME (Orange + Pink),7.2,4.7,4.4,0.2,,3/27,
1662,SAME (Orange + Pink),9.3,7,6.2,0.3,,3/27,
1663,SANI (Orange + Yellow),9.5,10.9,10.2,0.4,,3/27,
1664,SANI (Orange + Yellow),5.1,9.7,5.3,0.38,,3/27,
1665,SANI (Orange + Yellow),9.5,7.6,6.4,0.3,,3/27,
1666,SAME (Orange + Pink),12.5,9.7,6,0.35,,3/27,
1667,CEOL (Orange),,,,,,,
1668,SAAP (White + Green),,,,,,,
1669,CEOL (Orange),,,,,,,
1670,RHOV (White + Pink),,,,,,,
1671,SANI (Orange + Yellow),,,,,,,
1672,CEOL (Orange),,,,,,,
1673,SANI (Orange + Yellow),,,,,,,
1674,RHOV (White + Pink),,,,,,,
1675,ENCA (Pink),,,,,,,
1676,HEWH (White),,,,,,,
1677,RHOV (White + Pink),,,,,,,
1678,CEOL (Orange),,,,,,,
1679,HEWH (White),,,,,,,
1680,HEWH (White),,,,,,,
1681,RHOV (White + Pink),,,,,,,
1682,ADFA (Orange + Green),,,,,1 GAL / 2 GAL,,
1683,CEOL (Orange),,,,,,,
1684,ENCA (Pink),,,,,,,
1685,HEWH (White),,,,,,,
1686,ADFA (Orange + Green),,,,,1 GAL / 2 GAL,,
1687,ENCA (Pink),,,,,,,
1688,ADFA (Orange + Green),,,,,1 GAL / 2 GAL,,
1689,MALA (White + Yellow),,,,,,,
1690,ENCA (Pink),,,,,,,
1691,ADFA (Orange + Green),,,,,1 GAL / 2 GAL,,
1692,MALA (White + Yellow),,,,,,,
1693,SAAP (White + Green),,,,,,,
1694,CEOL (Orange),,,,,,,
1695,SAAP (White + Green),,,,,,,
1696,HEWH (White),,,,,,,
1697,CEOL (Orange),,,,,,,
1698,HEWH (White),,,,,,,
1699,RHOV (White + Pink),,,,,,,
1700,MALA (White + Yellow),,,,,,,
1701,ADFA (Orange + Green),,,,,1 GAL / 2 GAL,,
1702,MALA (White + Yellow),,,,,,,
1703,MALA (White + Yellow),,,,,,,
1704,SANI (Orange + Yellow),,,,,,,
1705,HEWH (White),,,,,,,
1706,CEOL (Orange),,,,,,,
1707,SAME (Orange + Pink),,,,,,,
1708,SANI (Orange + Yellow),,,,,,,
1709,RHOV (White + Pink),,,,,,,
1710,ENCA (Pink),,,,,,,
1711,CEOL (Orange),,,,,,,
1712,HEWH (White),,,,,,,
1713,CEOL (Orange),,,,,,,
1714,RHOV (White + Pink),,,,,,,
1715,RHOV (White + Pink),,,,,,,
1716,ADFA (Orange + Green),,,,,1 GAL / 2 GAL,,
1717,HEWH (White),,,,,,,
1718,RHOV (White + Pink),,,,,,,
1719,CEOL (Orange),,,,,,,
1720,RHOV (White + Pink),,,,,,,
1721,SAME (Orange + Pink),,,,,,,
1722,HEWH (White),,,,,,,
1723,HEWH (White),,,,,,,
1724,ADFA (Orange + Green),,,,,1 GAL / 2 GAL,,
1725,RHOV (White + Pink),,,,,,,
1726,SAAP (White + Green),,,,,,,
1727,SANI (Orange + Yellow),,,,,,,
1728,HEWH (White),,,,,,,
1729,RHOV (White + Pink),,,,,,,
1730,CEOL (Orange),,,,,,,
1731,CEOL (Orange),,,,,,,
1732,RHOV (White + Pink),,,,,,,
1733,HEWH (White),,,,,,,
1734,HEWH (White),,,,,,,
1735,ADFA (Orange + Green),,,,,1 GAL / 2 GAL,,
1736,RHOV (White + Pink),,,,,,,
1737,HEWH (White),,,,,,,
1738,SANI (Orange + Yellow),,,,,,,
1739,CEOL (Orange),,,,,,,
1740,RHOV (White + Pink),,,,,,,
1741,CEOL (Orange),,,,,,,
1742,ENCA (Pink),,,,,,,
1743,RHOV (White + Pink),,,,,,,
1744,ENCA (Pink),,,,,,,
1745,SAAP (White + Green),,,,,,,
1746,HEWH (White),,,,,,,
1747,RHOV (White + Pink),,,,,,,
1748,SAAP (White + Green),,,,,,,
1749,SAME (Orange + Pink),,,,,,,
1750,CEOL (Orange),,,,,,,
1751,CEOL (Orange),,,,,,,
1752,SAAP (White + Green),,,,,,,
1753,SAAP (White + Green),,,,,,,
1754,CEOL (Orange),,,,,,,
1755,SAME (Orange + Pink),,,,,,,
1756,SANI (Orange + Yellow),,,,,,,
1757,SANI (Orange + Yellow),,,,,,,
1758,ADFA (Orange + Green),,,,,1 GAL / 2 GAL,,
1759,ADFA (Orange + Green),,,,,1 GAL / 2 GAL,,
1760,MALA (White + Yellow),,,,,,,
1761,ADFA (Orange + Green),,,,,1 GAL / 2 GAL,,
1762,RHOV (White + Pink),,,,,,,
1763,HEWH (White),,,,,,,
1764,CEOL (Orange),,,,,,,
1765,ENCA (Pink),,,,,,,
1766,SANI (Orange + Yellow),,,,,,,
1767,ENCA (Pink),,,,,,,
1768,CEOL (Orange),,,,,,,
1769,CEOL (Orange),,,,,,,
1770,CEOL (Orange),,,,,,,
1771,ENCA (Pink),,,,,,,
1772,HEWH (White),,,,,,,
1773,RHOV (White + Pink),,,,,,,
1774,HEWH (White),,,,,,,
1775,ENCA (Pink),,,,,,,
1776,HEWH (White),,,,,,,
1777,ENCA (Pink),,,,,,,
1778,ADFA (Orange + Green),,,,,1 GAL / 2 GAL,,
1779,SANI (Orange + Yellow),,,,,,,
1780,RHOV (White + Pink),,,,,,,
1781,ADFA (Orange + Green),,,,,1 GAL / 2 GAL,,
1782,ENCA (Pink),,,,,,,
1783,ENCA (Pink),,,,,,,
1784,SANI (Orange + Yellow),,,,,,,
1785,RHOV (White + Pink),,,,,,,
1786,CEOL (Orange),,,,,,,
1787,SAAP (White + Green),,,,,,,
1788,ENCA (Pink),,,,,,,
1789,HEWH (White),,,,,,,
1790,HEWH (White),,,,,,,
1791,HEWH (White),,,,,,,
1792,SAAP (White + Green),,,,,,,
1793,ADFA (Orange + Green),,,,,1 GAL / 2 GAL,,
1794,SAAP (White + Green),,,,,,,
1795,RHOV (White + Pink),,,,,,,
1796,RHOV (White + Pink),,,,,,,
1797,HEWH (White),,,,,,,
1798,ENCA (Pink),,,,,,,
1799,CEOL (Orange),,,,,,,
1800,RHOV (White + Pink),,,,,,,
1801,HEWH (White),,,,,,,
1802,HEWH (White),,,,,,,
1803,HEWH (White),,,,,,,
1804,HEWH (White),,,,,,,
1805,SANI (Orange + Yellow),,,,,,,
1806,ENCA (Pink),,,,,,,
1807,HEWH (White),,,,,,,
1808,RHOV (White + Pink),,,,,,,
1809,CEOL (Orange),,,,,,,
1810,CEOL (Orange),,,,,,,
1811,CEOL (Orange),,,,,,,
1812,HEAR,,,,,,,
1813,ADFA (Orange + Green),,,,,1 GAL / 2 GAL,,
1814,HEWH (White),,,,,,,
1815,SAME (Orange + Pink),,,,,,,
1816,SANI (Orange + Yellow),,,,,,,
1817,ADFA (Orange + Green),,,,,1 GAL / 2 GAL,,
1818,MALA (White + Yellow),,,,,,,
1819,MALA (White + Yellow),,,,,,,
1820,CEOL (Orange),,,,,,,
1821,SAAP (White + Green),,,,,,,
1822,RHOV (White + Pink),,,,,,,
1823,SAME (Orange + Pink),,,,,,,
1824,HEWH (White),,,,,,,
1825,HEWH (White),,,,,,,
1826,CEOL (Orange),,,,,,,
1827,CEOL (Orange),,,,,,,
1828,RHOV (White + Pink),,,,,,,
1829,HEWH (White),,,,,,,
1830,SAME (Orange + Pink),,,,,,,
1831,RHOV (White + Pink),,,,,,,
1832,CEOL (Orange),,,,,,,
1833,SAME (Orange + Pink),,,,,,,
1834,SANI (Orange + Yellow),,,,,,,
1835,CEOL (Orange),,,,,,,
1836,SANI (Orange + Yellow),,,,,,,
1837,RHOV (White + Pink),,,,,,,
1838,MALA (White + Yellow),,,,,,,
1839,ENCA (Pink),,,,,,,
1840,HEWH (White),,,,,,,
1841,RHOV (White + Pink),,,,,,,
1842,RHOV (White + Pink),,,,,,,
1843,ENCA (Pink),,,,,,,
1844,CEOL (Orange),,,,,,,
1845,MALA (White + Yellow),,,,,,,
1846,MALA (White + Yellow),,,,,,,
1847,SANI (Orange + Yellow),,,,,,,
1848,ENCA (Pink),,,,,,,
1849,MALA (White + Yellow),,,,,,,
1850,CEOL (Orange),,,,,,,
1851,RHOV (White + Pink),,,,,,,
1852,ENCA (Pink),,,,,,,
1853,HEWH (White),,,,,,,
1854,SAME (Orange + Pink),,,,,,,
1855,RHOV (White + Pink),,,,,,,
1856,ADFA (Orange + Green),,,,,1 GAL / 2 GAL,,
1857,SAME (Orange + Pink),,,,,,,
1858,ENCA (Pink),,,,,,,
1859,HEAR,,,,,,,
1860,SAME (Orange + Pink),,,,,,,
1861,SAAP (White + Green),,,,,,,
1862,CEOL (Orange),,,,,,,
1863,SAAP (White + Green),,,,,,,
1864,ADFA (Orange + Green),,,,,1 GAL / 2 GAL,,
