ID,Plant,Watering 1 Date,Alive,Notes,Watering 2 Date,Alive,Notes,Watering 3 Date,Alive,Notes,Watering 4 Date,Alive,Notes,,
1,ENCA (Pink),2/11,Y,,5/6,y,,,,,,,,,
2,CEOL (Orange),2/11,Y,,5/6,y,,,,,,,,,
3,ENCA (Pink),2/11,Y,,5/6,y,,,,,,,,,
4,ENCA (Pink),2/11,Y,,5/6,y,,,,,,,,,
5,CEOL (Orange),2/11,Y,,5/6,y,,,,,,,,,
6,HEWH (White),2/11,Y,,5/6,y,,,,,,,,,
7,SAME (Orange + Pink),,,,5/6,y,,,,,,,,,
8,SANI (Orange + Yellow),,,,5/7,y,,,,,,,,,
9,SANI (Orange + Yellow) CEOL,,,,5/7,y,,,,,,,,,
10,RHOV (White + Pink),2/11,Y,,5/6,y,,,,,,,,,
11,SANI (Orange + Yellow),,,,5/6,y,,,,,,,,,
12,CEOL (Orange),2/11,Y,,5/6,y,,,,,,,,,
13,HEWH (White),2/11,Y,,5/6,y,,,,,,,,,
14,HEWH (White),2/11,Y,,5/6,y,,,,,,,,,
15,CEOL (Orange),2/11,Y,,5/6,y,,,,,,,,,
16,SANI (Orange + Yellow),,,,5/6,y,,,,,,,,,
17,SAAP (White + Green),,,,5/6,y,,,,,,,,,
18,SAME (Orange + Pink),,,,5/6,y,,,,,,,,,
19,ENCA (Pink),2/11,Y,,5/6,y,,,,,,,,,
20,MALA (White + Yellow),,,,5/6,y,,,,,,,,,
21,SAAP (White + Green),,,,5/6,y,,,,,,,,,
22,CEOL (Orange),2/11,N,,5/6,y,,,,,,,,,
23,ENCA (Pink),2/11,Y,,5/6,y,,,,,,,,,
24,HEWH (White),2/11,Y,sad,5/6,y,,,,,,,,,
25,CEOL (Orange),2/11,Y,sad,5/6,n,,,,,,,,,
26,ENCA (Pink),2/11,Y,,5/6,y,,,,,,,,,
27,SAME (Orange + Pink),,,,5/6,y,,,,,,,,,
28,SAME (Orange + Pink),,,,5/7,y,,,,,,,,,
29,SANI (Orange + Yellow),,,,5/7,np,,,,,,,,,
30,SAME (Orange + Pink),,,,5/7,y,,,,,,,,,
31,CEOL (Orange),,,,5/7,y,,,,,,,,,
32,SANI  MALA,,,,5/7,y,,,,,,,,,
33,MALA (White + Yellow),,,,5/7,np,,,,,,,,,
34,ADFA (Orange + Green),2/11,Y,,5/7,y,,,,,,,,,
35,ADFA (Orange + Green),2/11,Y,,5/7,y,,,,,,,,,
36,SAME (Orange + Pink),,,,,,,,,,,,,,
37,MALA (White + Yellow),,,,5/7,y,,,,,,,,,
38,HEWH (White),2/11,?,strugglin,5/7,y,,,,,,,,,
39,CEOL (Orange),,,,5/7,np,,,,,,,,,
40,CEOL (Orange),2/11,Y,,5/7,n,,,,,,,,,
41,CEOL (Orange),2/11,Y,,5/7,y,,,,,,,,,
42,HEWH (White),2/11,Y,,5/7,y,,,,,,,,,
43,ENCA (Pink),2/11,?,"struggling, brown",5/7,y,,,,,,,,,
44,ENCA (Pink),2/11,Y,,5/7,y,,,,,,,,,
45,ENCA (Pink),2/11,Y,,5/7,y,,,,,,,,,
46,HEWH (White),2/11,Y,struggling,5/7,y,,,,,,,,,
47,SAME (Orange + Pink),,,,5/7,y,,,,,,,,,
48,RHOV (White + Pink),2/11,Y,,5/7,y,,,,,,,,,
49,HEWH (White),2/11,Y,,5/7,y,,,,,,,,,
50,RHOV (White + Pink),2/11,Y,,5/7,y,,,,,,,,,
51,SAAP (White + Green),,,,5/7,y,,,,,,,,,
52,HEWH (White),2/11,Y,,5/7,y,,,,,,,,,
53,ADFA (Orange + Green),2/11,Y,,5/7,y,,,,,,,,,
54,CEOL (Orange),2/11,Y,,5/7,y,,,,,,,,,
55,HEWH (White),2/11,Y,cloth not on properly,5/7,np,,,,,,,,,
56,HEWH (White),2/11,Y,,5/6,np,,,,,,,,,
57,ENCA (Pink),2/11,Y,,5/7,y,,,,,,,,,
58,CEOL (Orange),2/11,Y,,5/7,y,,,,,,,,,
59,MALA (White + Yellow),,,,5/7,np,,,,,,,,,
60,SAAP (White + Green),,,,5/7,n,,,,,,,,,
61,ENCA (Pink),2/11,Y,,5/7,n,,,,,,,,,
62,HEWH (White),2/11,Y,,5/7,y,,,,,,,,,
63,HEWH (White),2/11,N,no plant,5/7,np,,,,,,,,,
64,SANI (Orange + Yellow),,,,5/7,y,,,,,,,,,
65,CEOL (Orange),2/11,Y,,5/7,np,,,,,,,,,
66,ENCA (Pink),2/11,Y,,5/7,np,,,,,,,,,
67,CEOL (Orange),2/11,Y,,,,,,,,,,,,
68,HEWH (White),2/11,Y,,5/7,y,,,,,,,,,
69,HEWH (White),2/11,Y,,5/7,y,,,,,,,,,
70,HEWH (White),2/11,?,struggling,5/7,np,,,,,,,,,
71,SAME (Orange + Pink),,,,5/7,np,,,,,,,,,
72,MALA (White + Yellow),,,,5/7,y,,,,,,,,,
73,CEOL (Orange),2/11,N,,5/7,np,,,,,,,,,
74,HEWH (White),2/11,Y,,5/7,y,,,,,,,,,
75,RHOV (White + Pink),2/11,Y,,5/7,np,gopher,,,,,,,,
76,HEWH (White),2/11,Y,,5/7,y,,,,,,,,,
77,RHOV (White + Pink),2/11,Y,,5/7,y,,,,,,,,,
78,ENCA (Pink),2/11,Y,,5/7,y,flower,,,,,,,,
79,SAAP (White + Green),,,,5/7,y,,,,,,,,,
80,MALA (White + Yellow),,,,5/7,y,,,,,,,,,
81,SAAP (White + Green),,,,5/7,y,,,,,,,,,
82,CEOL (Orange),,,,5/7,y,,,,,,,,,
83,SAAP (White + Green),,,,5/7,y,,,,,,,,,
84,RHOV (White + Pink),2/11,Y,,5/7,y,,,,,,,,,
85,CEOL (Orange),2/11,Y,,5/7,y,,,,,,,,,
86,CEOL (Orange),,,,5/7,y,,,,,,,,,
87,ENCA (Pink),2/11,Y,,5/7,y,,,,,,,,,
88,SAAP (White + Green),,,,5/7,y,,,,,,,,,
89,ENCA (Pink),2/11,Y,,5/7,np,,,,,,,,,
90,ADFA (Orange + Green),2/11,Y,,5/7,y,,,,,,,,,
91,RHOV (White + Pink),2/11,Y,,5/7,y,,,,,,,,,
92,ENCA (Pink),2/11,Y,,5/7,y,,,,,,,,,
93,HEWH (White),2/11,Y,not cut properly,5/7,y,,,,,,,,,
94,SAME (Orange + Pink),,,,5/7,y,,,,,,,,,
95,HEWH (White),2/11,Y,,5/7,np,,,,,,,,,
96,SANI (Orange + Yellow),,,,5/7,y,,,,,,,,,
97,SAAP (White + Green),,,,5/7,y,,,,,,,,,
98,SANI (Orange + Yellow),,,,5/7,np,,,,,,,,,
99,CEOL (Orange),2/11,Y,struggling,5/7,y,,,,,,,,,
100,SAAP (White + Green),,,,5/7,y,,,,,,,,,
101,ENCA (Pink),2/11,Y,,5/6,y,,,,,,,,,
102,SAME (Orange + Pink),,,,5/6,n,,,,,,,,,
103,ENCA (Pink),2/11,N,,5/6,y,,,,,,,,,
104,ADFA (Orange + Green),2/11,Y,sad,5/6,y,,,,,,,,,
105,MALA (White + Yellow),,,,5/6,y,,,,,,,,,
106,RHOV (White + Pink),2/11,Y,,5/6,y,,,,,,,,,
107,MALA (White + Yellow),,,,5/6,n,,,,,,,,,
108,ENCA (Pink),2/11,Y,erosion on top of plant,5/6,y,,,,,,,,,
109,RHOV (White + Pink),2/11,Y,erosion,5/6,y,,,,,,,,,
110,RHOV (White + Pink),2/11,Y,,5/6,y,,,,,,,,,
111,SAAP (White + Green),,,,5/6,y,,,,,,,,,
112,HEWH (White),2/11,Y,,5/6,y,,,,,,,,,
113,ADFA (Orange + Green),2/11,Y,,5/6,n,,,,,,,,,
114,CEOL (Orange),2/11,Y,,5/6,y,,,,,,,,,
115,CEOL (Orange),2/11,Y,,5/6,y,,,,,,,,,
116,ENCA (Pink),2/11,Y,,5/6,y,,,,,,,,,
117,SAME (Orange + Pink),,,,5/6,y,,,,,,,,,
118,SAAP (White + Green),,,,5/6,y,,,,,,,,,
119,HEWH (White),2/11,Y,,5/6,n,,,,,,,,,
120,ENCA (Pink),2/11,Y,,5/6,y,,,,,,,,,
121,SAME (Orange + Pink),,,,5/6,y,,,,,,,,,
122,CEOL (Orange),,,,5/6,y,,,,,,,,,
123,SAME (Orange + Pink),,,,5/6,n,,,,,,,,,
124,RHOV (White + Pink),2/11,Y,,5/6,y,,,,,,,,,
125,CEOL (Orange),2/11,Y,,5/6,n,,,,,,,,,
126,SANI (Orange + Yellow),,,,5/6,n,,,,,,,,,
127,CEOL (Orange),2/11,N,"no plant, gopher",5/6,y,,,,,,,,,
128,ENCA (Pink),2/11,Y,sad,5/6,n,,,,,,,,,
129,ENCA (Pink),2/11,Y,sad,5/6,y,,,,,,,,,
130,RHOV (White + Pink),2/11,Y,,5/6,y,,,,,,,,,
131,MALA (White + Yellow),,,,5/6,y,,,,,,,,,
132,RHOV (White + Pink),2/11,Y,,5/6,y,MAFA volunteer in plot,,,,,,,,
133,HEWH (White),2/11,Y,,5/6,y,,,,,,,,,
134,ENCA (Pink),2/11,Y,,5/6,y,,,,,,,,,
135,SAAP (White + Green),,,,5/6,y,,,,,,,,,
136,ENCA (Pink),2/11,Y,,5/6,y,,,,,,,,,
137,SAAP (White + Green),,,,5/6,y,,,,,,,,,
138,ADFA (Orange + Green),2/11,Y,sad,5/6,n,,,,,,,,,
139,ADFA (Orange + Green),2/11,Y,sad,5/6,y,,,,,,,,,
140,SANI (Orange + Yellow),,,,5/6,y,,,,,,,,,
141,HEWH (White),2/11,Y,,5/6,y,,,,,,,,,
142,RHOV (White + Pink),2/11,Y,,5/6,y,,,,,,,,,
143,ENCA (Pink),2/11,Y,,5/6,n,,,,,,,,,
144,HEWH (White),2/11,Y,,5/6,n,,,,,,,,,
145,CEOL (Orange),,,,5/6,n,,,,,,,,,
146,CEOL (Orange),,,,5/6,n,gopher,,,,,,,,
147,RHOV (White + Pink),2/11,Y,,5/6,y,,,,,,,,,
148,MALA (White + Yellow),,,,5/6,n,,,,,,,,,
149,ENCA (Pink),2/11,Y,,5/6,y,,,,,,,,,
150,MALA (White + Yellow),,,,5/6,n,,,,,,,,,
151,ENCA (Pink),2/11,Y,,5/6,n,,,,,,,,,
152,CEOL (Orange),2/11,Y,,5/6,y,,,,,,,,,
153,ENCA (Pink),2/11,Y,,5/6,y,,,,,,,,,
154,SANI (Orange + Yellow),,,,5/6,n,gopher,,,,,,,,
155,SAAP (White + Green),,,,5/6,y,,,,,,,,,
156,HEAR,,,,5/6,y,,,,,,,,,
157,CEOL (Orange),,,,5/6,n,,,,,,,,,
158,SAAP (White + Green),,,,5/6,n,,,,,,,,,
159,ENCA (Pink),2/11,Y,,5/6,n,,,,,,,,,
160,HEWH (White),,,,5/6,y,,,,,,,,,
161,MALA (White + Yellow),,,,5/6,y,,,,,,,,,
162,HEWH (White),,,,5/6,y,,,,,,,,,
163,ADFA (Orange + Green),2/11,Y,,5/6,y,,,,,,,,,
164,HEWH (White),2/11,N,,5/6,y,,,,,,,,,
165,SANI (Orange + Yellow),,,,5/6,y,,,,,,,,,
166,SAME (Orange + Pink),,,,5/6,y,,,,,,,,,
167,HEWH (White),2/11,Y,,5/6,y,,,,,,,,,
168,RHOV (White + Pink),2/11,Y,,5/6,y,,,,,,,,,
169,HEWH (White),2/11,Y,,5/7,y,,,,,,,,,
170,SANI (Orange + Yellow),,,,5/6,y,,,,,,,,,
171,RHOV (White + Pink),2/11,Y,,5/6,y,,,,,,,,,
172,HEWH (White),2/11,N,gopher,5/7,np,,,,,,,,,
173,SAME (Orange + Pink),,,,5/7,np,,,,,,,,,
174,ADFA (Orange + Green),2/11,Y,,5/6,y,,,,,,,,,
175,HEWH (White),2/11,Y,was buried,5/7,n,,,,,,,,,
176,HEWH (White),2/13,N,,5/7,y,,,,,,,,,
177,HEWH (White),2/11,Y,,5/6,y,,,,,,,,,
178,CEOL (Orange),2/11,Y,,5/7,y,,,,,,,,,
179,SANI (Orange + Yellow),,,,5/7,np,,,,,,,,,
180,RHOV (White + Pink),2/11,Y,erosion,5/6,y,,,,,,,,,
181,HEWH (White),2/11,Y,,5/7,y,,,,,,,,,
182,HEWH (White),2/13,Y,,5/7,y,,,,,,,,,
183,ADFA (Orange + Green),2/11,Y,,5/6,y,,,,,,,,,
184,RHOV (White + Pink),2/11,Y,,5/7,y,,,,,,,,,
185,ENCA (Pink),2/11,Y,"crossed out ENCA, made it RHOV",5/7,y,,,,,,,,,
186,HEWH (White),2/11,Y,,5/7,np,,,,,,,,,
187,HEWH (White),2/11,Y,,5/7,y,,,,,,,,,
188,HEWH (White),2/13,Y,,5/7,y,,,,,,,,,
189,CEOL (Orange),2/13,Y,,5/7,np,,,,,,,,,
190,CEOL (Orange),2/13,Y,,5/7,y,,,,,,,,,
191,ADFA (Orange + Green),2/13,Y,,5/7,n,,,,,,,,,
192,SANI (Orange + Yellow),,,,5/7,y,,,,,,,,,
193,ENCA (Pink),2/13,Y,,5/7,np,,,,,,,,,
194,SANI (Orange + Yellow),,,,5/7,y,,,,,,,,,
195,HEWH (White),2/13,Y,,5/7,y,,,,,,,,,
196,HEWH (White),2/13,Y,,5/7,np,,,,,,,,,
197,HEWH (White),2/13,Y,,5/7,np,buried,,,,,,,,
198,ENCA (Pink),2/13,N,,5/7,np,,,,,,,,,
199,HEWH (White),2/11,Y,,5/7,y,,,,,,,,,
200,HEWH (White),2/11,Y,,5/7,y,,,,,,,,,
201,SAAP (White + Green),,,,5/7,y,,,,,,,,,
202,ENCA (Pink),2/11,Y,wilted,5/8,n,,,,,,,,,
203,ADFA (Orange + Green),2/11,Y,,5/8,y,,,,,,,,,
204,HEWH (White),2/11,Y,,5/7,y,,,,,,,,,
205,CEOL (Orange),2/11,Y,,5/7,y,,,,,,,,,
206,SAAP (White + Green),,,,5/7,y,,,,,,,,,
207,ENCA (Pink),2/11,Y,,5/7,np,,,,,,,,,
208,SAAP (White + Green),,,,5/7,y,,,,,,,,,
209,HEWH (White),2/13,Y,,5/8,y,,,,,,,,,
210,ADFA (Orange + Green),2/11,Y,,5/7,y,,,,,,,,,
211,HEWH (White),2/13,Y,,5/8,y,,,,,,,,,
212,CEOL (Orange),2/11,Y,,5/8,n,,,,,,,,,
213,SANI (Orange + Yellow),,,,5/8,np,,,,,,,,,
214,RHOV (White + Pink),2/11,Y,,5/8,np,,,,,,,,,
215,CEOL (Orange),2/11,Y,,5/8,y,,,,,,,,,
216,RHOV (White + Pink),2/11,Y,,5/8,y,,,,,,,,,
217,CEOL (Orange),2/11,Y,,5/7,np,,,,,,,,,
218,HEWH (White),2/11,Y,,5/7,y,,,,,,,,,
219,RHOV (White + Pink),2/11,N,"no plant, gopher",5/7,y,,,,,,,,,
220,ENCA (Pink),2/11,Y,,5/7,y,,,,,,,,,
221,RHOV (White + Pink),2/11,Y,,5/8,y,,,,,,,,,
222,SAAP (White + Green),,,,5/8,n,,,,,,,,,
223,SAME (Orange + Pink),,,,5/8,n,,,,,,,,,
224,CEOL (Orange),2/11,Y,,5/8,np,,,,,,,,,
225,HEWH (White),2/13,Y,,5/7,y,gopher,,,,,,,,
226,ENCA (Pink),2/11,N,no plant,5/8,np,,,,,,,,,
227,SAAP (White + Green),,,,5/7,y,,,,,,,,,
228,CEOL (Orange),2/11,Y,,5/7,y,,,,,,,,,
229,SAME (Orange + Pink),,,,5/8,y,,,,,,,,,
230,ADFA (Orange + Green),2/13,Y,,5/7,n,,,,,,,,,
231,SAME (Orange + Pink),,,,5/8,np,,,,,,,,,
232,RHOV (White + Pink),2/11,N,no plant,5/8,np,,,,,,,,,
233,HEAR,,,,5/8,y,,,,,,,,,
234,MALA (White + Yellow),,,,5/7,np,,,,,,,,,
235,SAME (Orange + Pink),,,,5/7,y,,,,,,,,,
236,HEWH (White),2/11,Y,wilted/strugglin,5/7,y,,,,,,,,,
237,CEOL (Orange),2/11,Y,,5/7,y,,,,,,,,,
238,MALA (White + Yellow),,Y,,5/7,np,,,,,,,,,
239,HEWH (White),2/13,Y,wilted/strugglin,5/7,np,,,,,,,,,
240,ENCA (Pink),2/11,N,no leaves,5/8,y,,,,,,,,,
241,RHOV (White + Pink),2/13,Y,,5/7,y,,,,,,,,,
242,RHOV (White + Pink),,,,5/7,y,,,,,,,,,
243,RHOV (White + Pink),,,,5/7,y,,,,,,,,,
244,RHOV (White + Pink),,,,5/7,y,,,,,,,,,
245,CEOL (Orange),,,,5/8,y,,,,,,,,,
246,HEWH (White),,,,5/8,y,,,,,,,,,
247,CEOL (Orange),,,,5/8,np,,,,,,,,,
248,SAME (Orange + Pink),,,,5/7,np,,,,,,,,,
249,MALA (White + Yellow),,,,5/7,y,,,,,,,,,
250,ENCA (Pink),2/11,Y,,5/7,y,,,,,,,,,
251,ENCA (Pink),2/11,Y,,5/7,y,,,,,,,,,
252,CEOL (Orange),2/11,Y,,5/7,y,,,,,,,,,
253,RHOV (White + Pink),,,,5/7,np,,,,,,,,,
254,SAME (Orange + Pink),,,,5/7,y,,,,,,,,,
255,HEWH (White),,,,5/8,y,,,,,,,,,
256,SANI (Orange + Yellow),,,,5/7,y,,,,,,,,,
257,ADFA (Orange + Green),,,,5/7,y,,,,,,,,,
258,ENCA (Pink),,,,5/7,y,,,,,,,,,
259,HEWH (White),,,,5/7,y,,,,,,,,,
260,ADFA (Orange + Green),,,,5/7,y,,,,,,,,,
261,CEOL (Orange),,,,5/7,y,,,,,,,,,
262,HEWH (White),,,,5/7,y,,,,,,,,,
263,SAME (Orange + Pink),,,,5/7,y,,,,,,,,,
264,CEOL (Orange),,,,5/7,y,,,,,,,,,
265,ENCA (Pink),,,,5/7,y,,,,,,,,,
266,HEWH (White),,,,5/8,y,,,,,,,,,
267,SAAP (White + Green),,,,5/7,y,,,,,,,,,
268,CEOL (Orange),,,,5/7,n,,,,,,,,,
269,HEWH (White),,,,5/7,y,,,,,,,,,
270,HEWH (White),,,,5/7,y,,,,,,,,,
271,CEOL (Orange),,,,5/7,y,,,,,,,,,
272,RHOV (White + Pink),,,,5/7,np,,,,,,,,,
273,SAAP (White + Green),,,,5/7,y,,,,,,,,,
274,SAAP (White + Green),,,,5/7,y,,,,,,,,,
275,ENCA (Pink),2/11,Y,,5/7,y,,,,,,,,,
276,CEOL (Orange),,,,5/7,y,,,,,,,,,
277,ENCA (Pink),,,,5/7,y,,,,,,,,,
278,ENCA (Pink),,,,5/7,y,,,,,,,,,
279,SANI (Orange + Yellow),,,,5/7,y,,,,,,,,,
280,RHOV (White + Pink),2/11,Y,"mostly buried, gopher activity",5/7,y,,,,,,,,,
281,SANI (Orange + Yellow),,,,5/7,y,,,,,,,,,
282,HEWH (White),2/11,Y,,5/7,y,,,,,,,,,
283,SAAP (White + Green),,,,5/7,y,,,,,,,,,
284,SANI (Orange + Yellow),,,,5/7,y,,,,,,,,,
285,ENCA (Pink),,,np,5/7,y,,,,,,,,,
286,HEWH (White),2/11,Y,,5/7,y,,,,,,,,,
287,MALA (White + Yellow),,,,5/7,y,,,,,,,,,
288,CEOL (Orange),,,np,5/7,y,,,,,,,,,
289,RHOV (White + Pink),2/11,Y,,5/8,y,,,,,,,,,
290,CEOL (Orange),,,np,5/7,y,,,,,,,,,
291,SAME (Orange + Pink),,,,5/8,y,,,,,,,,,
292,RHOV (White + Pink),,,np,5/7,y,,,,,,,,,
293,SAME (Orange + Pink),,,,5/7,y,,,,,,,,,
294,SAAP (White + Green),,,,5/7,np,,,,,,,,,
295,ENCA (Pink),,,np,5/7,y,,,,,,,,,
296,HEWH (White),2/11,Y,"buried partially, gopher activity",,,,,,,,,,,
297,MALA (White + Yellow),,,,5/8,y,,,,,,,,,
298,SAME (Orange + Pink),,,,5/8,y,,,,,,,,,
299,RHOV (White + Pink),,,,5/8,y,,,,,,,,,
300,SAAP (White + Green),,,,5/8,y,,,,,,,,,
301,HEWH (White),,,,5/7,y,,,,,,,,,
302,SANI (Orange + Yellow),,,,5/7,np,,,,,,,,,
303,ENCA (Pink),,,,5/8,y,,,,,,,,,
304,ENCA (Pink),,,,5/7,np,,,,,,,,,
305,SAAP (White + Green),,,,5/7,np,,,,,,,,,
306,HEWH (White),,,,5/8,np,,,,,,,,,
307,ENCA (Pink),,,,5/7,y,,,,,,,,,
308,SAAP (White + Green),,,,5/7,np,buried,,,,,,,,
309,CEOL (Orange),,,,5/7,y,,,,,,,,,
310,CEOL (Orange),,,,5/7,y,,,,,,,,,
311,ENCA (Pink),,,,5/7,np,gopher,,,,,,,,
312,CEOL (Orange),,,,5/7,np,,,,,,,,,
313,CEOL (Orange),,,,5/7,y,,,,,,,,,
314,SANI (Orange + Yellow),,,,5/7,y,,,,,,,,,
315,RHOV (White + Pink),,,,5/7,y,,,,,,,,,
316,HEWH (White),,,,5/7,y,,,,,,,,,
317,SANI (Orange + Yellow),,,,5/7,y,,,,,,,,,
318,SAME (Orange + Pink),,,,5/7,y,,,,,,,,,
319,ENCA (Pink),,,,5/7,y,,,,,,,,,
320,ADFA (Orange + Green),,,,5/7,y,,,,,,,,,
321,HEWH (White),,,,5/7,y,,,,,,,,,
322,ADFA (Orange + Green),,,,5/7,np,,,,,,,,,
323,HEWH (White),,,,5/7,y,,,,,,,,,
324,CEOL (Orange),,,,5/7,np,,,,,,,,,
325,HEWH (White),,,,5/7,n,watered 2x (1 says dead 1 says alive),,,,,,,,
326,ADFA (Orange + Green),,,,5/7,y,watered 2x,,,,,,,,
327,ENCA (Pink),,,,5/7,y,,,,,,,,,
328,RHOV (White + Pink),,,,5/7,y,,,,,,,,,
329,ENCA (Pink),,,,5/7,np,,,,,,,,,
330,ENCA (Pink),,,,5/7,y,,,,,,,,,
331,CEOL (Orange),,,np,5/7,np,gopher,,,,,,,,
332,RHOV (White + Pink),2/11,Y,,5/7,y,,,,,,,,,
333,CEOL (Orange),,,np,5/7,y,,,,,,,,,
334,CEOL (Orange),,,np,5/8,y,,,,,,,,,
335,SAAP (White + Green),,,,5/7,np,,,,,,,,,
336,ENCA (Pink),,,,5/7,y,,,,,,,,,
337,ENCA (Pink),,,np,5/7,y,,,,,,,,,
338,CEOL (Orange),,,np,5/7,y,,,,,,,,,
339,ENCA (Pink),2/11,Y,,5/7,y,,,,,,,,,
340,ADFA (Orange + Green),,,,5/7,np,,,,,,,,,
341,SAAP (White + Green),,,,5/7,y,,,,,,,,,
342,ENCA (Pink),2/11,Y,wilty,5/7,y,,,,,,,,,
343,SAAP (White + Green),,,,5/7,y,,,,,,,,,
344,CEOL (Orange),,,np,5/8,y,,,,,,,,,
345,ADFA (Orange + Green),2/11,Y,,5/8,y,,,,,,,,,
346,SAAP (White + Green),,,,5/8,np,,,,,,,,,
347,SANI (Orange + Yellow),,,,5/7,y,,,,,,,,,
348,ADFA (Orange + Green),2/11,Y,,5/7,n,,,,,,,,,
349,SANI (Orange + Yellow),,,,5/7,np,,,,,,,,,
350,SAME (Orange + Pink),,,,5/7,y,,,,,,,,,
351,ADFA (Orange + Green),2/11,Y,,5/7,y,,,,,,,,,
352,ENCA (Pink),2/11,N,,5/7,np,,,,,,,,,
353,ENCA (Pink),2/11,Y,,5/7,y,,,,,,,,,
354,SAME (Orange + Pink),,,,5/7,y,,,,,,,,,
355,RHOV (White + Pink),,,,5/7,y,,,,,,,,,
356,CEOL (Orange),,,np,5/7,y,,,,,,,,,
357,SAAP (White + Green),,,,5/7,y,,,,,,,,,
358,HEWH (White),2/11,Y,,5/7,y,,,,,,,,,
359,HEWH (White),2/11,Y,,5/7,y,,,,,,,,,
360,RHOV (White + Pink),2/11,Y,,5/7,y,,,,,,,,,
361,CEOL (Orange),,,np,5/8,y,,,,,,,,,
362,MALA (White + Yellow),,,,5/7,y,,,,,,,,,
363,RHOV (White + Pink),2/11,Y,,5/7,y,,,,,,,,,
364,MALA (White + Yellow),,,,5/7,y,,,,,,,,,
365,HEWH (White),2/11,Y,,5/7,y,,,,,,,,,
366,CEOL (Orange),,,np,5/7,y,,,,,,,,,
367,RHOV (White + Pink),2/11,Y,,5/7,np,gopher,,,,,,,,
368,HEWH (White),2/11,Y,,5/8,y,,,,,,,,,
369,RHOV (White + Pink),,,,5/7,np,,,,,,,,,
370,CEOL (Orange),,,np,5/7,y,,,,,,,,,
371,SANI (Orange + Yellow),,,,5/7,y,,,,,,,,,
372,RHOV (White + Pink),2-11,Y,,5/7,np,gopher,,,,,,,,
373,HEWH (White),2-11,Y,,5/7,y,,,,,,,,,
374,HEWH (White),,,,5/7,y,,,,,,,,,
375,RHOV (White + Pink),2-11,Y,,5/7,y,,,,,,,,,
376,HEWH (White),2-11,Y,,5/7,y,,,,,,,,,
377,HEWH (White),2-11,Y,,5/7,y,,,,,,,,,
378,CEOL (Orange),,,np,5/7,y,,,,,,,,,
379,HEWH (White),,,np,5/7,y,,,,,,,,,
380,MALA (White + Yellow),,,,5/8,n,,,,,,,,,
381,SANI (Orange + Yellow),,,,5/8,y,,,,,,,,,
382,SAME (Orange + Pink),,,,5/8,y,,,,,,,,,
383,ENCA (Pink),2-11,Y,barely,5/8,y,,,,,,,,,
384,CEOL (Orange),,,np,5/8,y,,,,,,,,,
385,HEWH (White),2-11,Y,,5/8,y,,,,,,,,,
386,ADFA (Orange + Green),2-11,Y,,5/8,y,,,,,,,,,
387,ENCA (Pink),2-11,Y,wilty,5/8,y,,,,,,,,,
388,MALA (White + Yellow),,,,,,,,,,,,,,
389,SAAP (White + Green),,,,5/8,y,,,,,,,,,
390,ADFA (Orange + Green),,,np,5/8,y,,,,,,,,,
391,SAME (Orange + Pink),,,,5/8,np,,,,,,,,,
392,CEOL (Orange),,,np,5/8,y,,,,,,,,,
393,ENCA (Pink),,,np,5/8,y,,,,,,,,,
394,HEWH (White),2-11,Y,,5/8,y,,,,,,,,,
395,ENCA (Pink),2-11,Y,,5/8,y,,,,,,,,,
396,SANI (Orange + Yellow),,,,5/8,y,,,,,,,,,
397,MALA (White + Yellow),,,,5/8,n,,,,,,,,,
398,ENCA (Pink),2-11,Y,,5/8,y,,,,,,,,,
399,RHOV (White + Pink),2-11,Y,,5/8,y,,,,,,,,,
400,RHOV (White + Pink),2-11,Y,,5/8,y,,,,,,,,,
401,SANI (Orange + Yellow),,,,5/7,y,,,,,,,,,
402,HEAR,,,,,,,,,,,,,,
403,RHOV (White + Pink),2-11,Y,,5/8,y,,,,,,,,,
404,CEOL (Orange),,,np,5/6,y,,,,,,,,,
405,ADFA (Orange + Green),2-11,Y,,,,,,,,,,,,
406,RHOV (White + Pink),,,np,5/6,y,,,,,,,,,
407,MALA (White + Yellow),,,,5/6,np,,,,,,,,,
408,HEWH (White),2-11,Y,,5/6,y,,,,,,,,,
409,CEOL (Orange),,,np,5/6,y,,,,,,,,,
410,CEOL (Orange),,,np,5/6,np,,,,,,,,,
411,SAME (Orange + Pink),,,,5/6,y,,,,,,,,,
412,RHOV (White + Pink),2-11,Y,,5/6,y,,,,,,,,,
413,RHOV (White + Pink),2-11,Y,,5/6,np,,,,,,,,,
414,HEAR,,,,5/8,y,,,,,,,,,
415,ENCA (Pink),,,np,5/8,y,,,,,,,,,
416,MALA (White + Yellow),,,,5/6,y,,,,,,,,,
417,RHOV (White + Pink),2-11,Y,,5/6,y,,,,,,,,,
418,ADFA (Orange + Green),2-11,Y,,5/8,y,,,,,,,,,
419,ENCA (Pink),2-11,Y,,5/6,y,flower,,,,,,,,
420,MALA (White + Yellow),,,,5/6,y,,,,,,,,,
421,CEOL (Orange),,,np,5/6,y,,,,,,,,,
422,ENCA (Pink),2-11,Y,,5/6,y,,,,,,,,,
423,SANI (Orange + Yellow),,,,5/6,y,,,,,,,,,
424,CEOL (Orange),,,np,5/8,y,,,,,,,,,
425,HEWH (White),2-11,Y,,5/6,y,,,,,,,,,
426,HEWH (White),2-11,Y,,5/6,y,,,,,,,,,
427,CEOL (Orange),,,np,5/6,y,,,,,,,,,
428,ENCA (Pink),2-11,Y,,5/6,y,,,,,,,,,
429,RHOV (White + Pink),2-11,Y,,5/6,y,,,,,,,,,
430,ADFA (Orange + Green),,,,5/8,y,,,,,,,,,
431,CEOL (Orange),,,np,5/6,y,,,,,,,,,
432,HEWH (White),2-11,Y,,5/6,y,,,,,,,,,
433,CEOL (Orange),,,np,5/6,np,,,,,,,,,
434,CEOL (Orange),,,np,5/6,np,,,,,,,,,
435,HEAR,,,,5/6,y,,,,,,,,,
436,MALA (White + Yellow),,,,5/22,y,,,,,,,,,
437,MALA (White + Yellow),,,,5/7,n,,,,,,,,,
438,HEWH (White),,,np,5/7,y,,,,,,,,,
439,RHOV (White + Pink),2-11,Y,,5/6,y,,,,,,,,,
440,HEWH (White),,,np,5/7,y,gopher,,,,,,,,
441,SAAP (White + Green),,,,5/7,y,,,,,,,,,
442,HEWH (White),2-11,Y,,5/6,y,,,,,,,,,
443,ENCA (Pink),2-11,Y,barely alive,5/7,y,,,,,,,,,
444,HEWH (White),2-11,Y,,5/6,np,,,,,,,,,
445,HEWH (White),2-11,Y,wilty,5/6,np,,,,,,,,,
446,RHOV (White + Pink),2-11,Y,,5/22,y,,,,,,,,,
447,ADFA (Orange + Green),,,np,5/6,y,,,,,,,,,
448,HEWH (White),2-11,N,,5/6,np,,,,,,,,,
449,MALA (White + Yellow),,,,5/6,np,,,,,,,,,
450,SAME (Orange + Pink),,,,5/7,y,,,,,,,,,
451,ENCA (Pink),,,np,5/7,y,,,,,,,,,
452,RHOV (White + Pink),,,np,5/7,y,,,,,,,,,
453,CEOL (Orange),,,np,5/7,y,,,,,,,,,
454,ENCA (Pink),2-11,N,,5/7,y,,,,,,,,,
455,ENCA (Pink),2-11,N,,5/7,y,,,,,,,,,
456,RHOV (White + Pink),2-11,Y,,5/7,y,,,,,,,,,
457,SAAP (White + Green),,,,5/22,y,,,,,,,,,
458,CEOL (Orange),,,np,5/7,y,,,,,,,,,
459,HEWH (White),,,np,5/7,y,,,,,,,,,
460,RHOV (White + Pink),2-11,Y,sad,5/22,y,,,,,,,,,
461,ENCA (Pink),,,np,5/6,y,,,,,,,,,
462,CEOL (Orange),,,np,5/6,y,,,,,,,,,
463,CEOL (Orange),,,np,5/6,y,,,,,,,,,
464,ENCA (Pink),,,,5/22,y,,,,,,,,,
465,MALA (White + Yellow),,,,5/6,y,,,,,,,,,
466,SAAP (White + Green),,,,5/22,y,,,,,,,,,
467,RHOV (White + Pink),,,,5/22,y,,,,,,,,,
468,CEOL (Orange),,,,5/22,y,,,,,,,,,
469,ENCA (Pink),,,,5/22,y,,,,,,,,,
470,ENCA (Pink),,,,5/6,y,,,,,,,,,
471,RHOV (White + Pink),,,,5/6,y,,,,,,,,,
472,ENCA (Pink),,,,5/7,y,,,,,,,,,
473,RHOV (White + Pink),2-11,Y,,5/7,y,,,,,,,,,
474,CEOL (Orange),,,np,5/7,np,,,,,,,,,
475,HEWH (White),,,np,5/7,y,,,,,,,,,
476,ENCA (Pink),,,np,5/7,y,,,,,,,,,
477,SAME (Orange + Pink),,,,5/22,np,gopher,,,,,,,,
478,CEOL (Orange),,,,5/7,n,,,,,,,,,
479,SAAP (White + Green),,,,5/6,np,,,,,,,,,
480,RHOV (White + Pink),,,,5/6,y,,,,,,,,,
481,SANI (Orange + Yellow),,,,5/6,y,,,,,,,,,
482,RHOV (White + Pink),,,,5/22,y,gopher activity,,,,,,,,
483,CEOL (Orange),,,,5/6,y,,,,,,,,,
484,SAME (Orange + Pink),,,,5/22,y,,,,,,,,,
485,HEWH (White),,,,5/22,y,,,,,,,,,
486,ENCA (Pink),,,,5/22,y,,,,,,,,,
487,HEWH (White),,,,5/6,y,,,,,,,,,
488,ADFA (Orange + Green),,,,5/6,y,,,,,,,,,
489,SAAP (White + Green),,,,5/6,y,,,,,,,,,
490,SAAP (White + Green),,,,5/6,n,,,,,,,,,
491,MALA (White + Yellow),,,,5/6,n,,,,,,,,,
492,CEOL (Orange),,,,5/6,np,,,,,,,,,
493,ENCA (Pink),,,,5/6,y,,,,,,,,,
494,HEWH (White),,,,5/6,y,,,,,,,,,
495,SAAP (White + Green),,,,5/6,y,,,,,,,,,
496,HEWH (White),,,,5/6,y,,,,,,,,,
497,CEOL (Orange),,,,5/22,y,,,,,,,,,
498,MALA (White + Yellow),,,,5/6,y,,,,,,,,,
499,SAME (Orange + Pink),,,,5/6,y,,,,,,,,,
500,CEOL (Orange),,,,5/7,y,,,,,,,,,
501,CEOL (Orange),,,np,5/8,y,,,,,,,,,
502,SANI (Orange + Yellow),,,,5/8,y,,,,,,,,,
503,RHOV (White + Pink),2-11,Y,,5/8,y,,,,,,,,,
504,SAME (Orange + Pink),,,,5/8,y,,,,,,,,,
505,SAAP (White + Green),,,,5/8,y,,,,,,,,,
506,CEOL (Orange),,,np,5/8,y,,,,,,,,,
507,RHOV (White + Pink),2-11,Y,,5/8,y,,,,,,,,,
508,CEOL (Orange),,,np,5/8,y,,,,,,,,,
509,HEAR,,,,5/8,y,,,,,,,,,
510,ENCA (Pink),2-11,N,,5/8,y,,,,,,,,,
511,HEWH (White),2-11,Y,,5/6,y,,,,,,,,,
512,ENCA (Pink),2-11,Y,,5/8,y,,,,,,,,,
513,SANI (Orange + Yellow),,,,5/8,n,,,,,,,,,
514,RHOV (White + Pink),,,,5/6,y,,,,,,,,,
515,HEWH (White),2-11,Y,,5/8,y,,,,,,,,,
516,SAAP (White + Green),,,,5/8,y,,,,,,,,,
517,RHOV (White + Pink),,,np,5/8,y,,,,,,,,,
518,HEWH (White),2-11,Y,,5/6,y,,,,,,,,,
519,CEOL (Orange),2-11,Y,,5/6,y,,,,,,,,,
520,SAME (Orange + Pink),,,,5/22,y,,,,,,,,,
521,ENCA (Pink),2-11,Y,,5/6,y,,,,,,,,,
522,RHOV (White + Pink),2-11,Y,,5/6,y,,,,,,,,,
523,ENCA (Pink),2-11,Y,,5/6,y,,,,,,,,,
524,CEOL (Orange),,,np,5/6,y,,,,,,,,,
525,HEWH (White),2-11,Y,,5/6,y,,,,,,,,,
526,CEOL (Orange),2-11,Y,wilty,5/6,y,,,,,,,,,
527,RHOV (White + Pink),2-11,Y,,5/6,y,,,,,,,,,
528,CEOL (Orange),2-11,Y,,5/6,n,,,,,,,,,
529,CEOL (Orange),2-11,Y,,5/6,y,,,,,,,,,
530,SANI (Orange + Yellow),,,,5/6,y,,,,,,,,,
531,MALA (White + Yellow),,,,5/6,y,,,,,,,,,
532,CEOL (Orange),2-11,Y,,5/6,y,,,,,,,,,
533,RHOV (White + Pink),2-11,Y,,5/6,y,,,,,,,,,
534,RHOV (White + Pink),2-11,Y,,5/6,y,,,,,,,,,
535,SAME (Orange + Pink),,,,5/6,y,,,,,,,,,
536,RHOV (White + Pink),2-11,Y,,5/22,y,gopher,,,,,,,,
537,SAME (Orange + Pink),,,,5/7,y,,,,,,,,,
538,CEOL (Orange),,,,5/22,y,,,,,,,,,
539,RHOV (White + Pink),2-11,Y,,5/7,y,,,,,,,,,
540,MALA (White + Yellow),,,,5/7,y,,,,,,,,,
541,CEOL (Orange),,,,5/7,np,,,,,,,,,
542,CEOL (Orange),,,,5/7,y,gopher,,,,,,,,
543,RHOV (White + Pink),2-11,Y,,5/7,np,,,,,,,,,
544,HEWH (White),2-11,Y,,5/7,y,,,,,,,,,
545,SAAP (White + Green),,,,5/7,y,,,,,,,,,
546,RHOV (White + Pink),2-11,Y,,5/7,y,,,,,,,,,
547,ENCA (Pink),,,,5/22,y,,,,,,,,,
548,ADFA (Orange + Green),2-11,Y,,5/7,y,,,,,,,,,
549,CEOL (Orange),,,,5/7,y,,,,,,,,,
550,ENCA (Pink),2-11,Y,,5/7,y,,,,,,,,,
551,SANI (Orange + Yellow),,,,5/6,y,,,,,,,,,
552,HEWH (White),2-11,Y,,5/6,y,,,,,,,,,
553,CEOL (Orange),,,,5/6,y,,,,,,,,,
554,HEWH (White),2-11,Y,,5/6,y,,,,,,,,,
555,ENCA (Pink),2-11,Y,,5/6,y,,,,,,,,,
556,MALA (White + Yellow),,,,5/6,y,,,,,,,,,
557,HEWH (White),2-11,Y,,5/7,y,,,,,,,,,
558,ADFA (Orange + Green),,,,5/7,y,,,,,,,,,
559,MALA (White + Yellow),,,,5/22,y,,,,,,,,,
560,CEOL (Orange),,,,5/7,y,,,,,,,,,
561,CEOL (Orange),,,,5/7,y,,,,,,,,,
562,ENCA (Pink),2-11,Y,,5/7,n,,,,,,,,,
563,HEWH (White),2-11,Y,,5/7,y,,,,,,,,,
564,HEWH (White),,,,5/7,np,,,,,,,,,
565,HEWH (White),,,,5/7,y,,,,,,,,,
566,CEOL (Orange),,,,5/7,y,,,,,,,,,
567,ENCA (Pink),,,,5/8,y,,,,,,,,,
568,ADFA (Orange + Green),,,,5/8,y,,,,,,,,,
569,HEWH (White),,,,5/8,y,,,,,,,,,
570,ENCA (Pink),,,,5/7,np,,,,,,,,,
571,ADFA (Orange + Green),2-11,Y,,5/7,n,,,,,,,,,
572,HEWH (White),2-11,Y,,5/7,y,,,,,,,,,
573,ADFA (Orange + Green),2-11,Y,,5/22,y,,,,,,,,,
574,SAAP (White + Green),,,,5/7,y,,,,,,,,,
575,HEWH (White),,,np,5/7,y,,,,,,,,,
576,SANI (Orange + Yellow),,,,5/8,y,,,,,,,,,
577,HEWH (White),2-11,Y,,5/22,np,,,,,,,,,
578,CEOL (Orange),,,,5/8,n,,,,,,,,,
579,CEOL (Orange),,,,5/7,y,,,,,,,,,
580,ENCA (Pink),,,,5/8,np,,,,,,,,,
581,SANI (Orange + Yellow),,,,5/7,y,,,,,,,,,
582,RHOV (White + Pink),,,,5/7,y,,,,,,,,,
583,RHOV (White + Pink),,,,5/7,y,,,,,,,,,
584,SANI (Orange + Yellow),,,,5/7,y,,,,,,,,,
585,RHOV (White + Pink),,,,5/7,y,,,,,,,,,
586,HEWH (White),,,,5/7,y,,,,,,,,,
587,CEOL (Orange),,,,5/7,y,,,,,,,,,
588,SAME (Orange + Pink),,,,5/7,y,,,,,,,,,
589,SAME (Orange + Pink),,,,5/7,y,,,,,,,,,
590,ENCA (Pink),,,,5/7,y,,,,,,,,,
591,CEOL (Orange),,,,5/7,y,,,,,,,,,
592,ADFA (Orange + Green),,,,5/22,y,,,,,,,,,
593,CEOL (Orange),,,,5/8,y,,,,,,,,,
594,CEOL (Orange),2-11,Y,,5/7,y,,,,,,,,,
595,ENCA (Pink),,,,5/7,np,,,,,,,,,
596,ADFA (Orange + Green),2-11,Y,,5/7,y,,,,,,,,,
597,HEWH (White),,,np,5/22,y,,,,,,,,,
598,RHOV (White + Pink),,,np,5/6,y,,,,,,,,,
599,SAME (Orange + Pink),,,,5/6,np,,,,,,,,,
600,CEOL (Orange),,,,5/22,np,,,,,,,,,
601,HEWH (White),,,np,5/7,y,,,,,,,,,
602,SAAP (White + Green),,,,5/7,np,,,,,,,,,
603,CEOL (Orange),,,np,5/6,y,,,,,,,,,
604,SAME (Orange + Pink),,,,5/7,y,,,,,,,,,
605,RHOV (White + Pink),2-11,Y,,5/22,np,gopher,,,,,,,,
606,SAAP (White + Green),,,,5/7,y,,,,,,,,,
607,RHOV (White + Pink),,,np,5/7,y,,,,,,,,,
608,ADFA (Orange + Green),,,,5/7,y,,,,,,,,,
609,CEOL (Orange),,,,5/7,n,,,,,,,,,
610,MALA (White + Yellow),,,,5/22,np,gopher,,,,,,,,
611,CEOL (Orange),,,,5/7,y,,,,,,,,,
612,RHOV (White + Pink),2-11,Y,,5/7,y,,,,,,,,,
613,RHOV (White + Pink),2-11,Y,crispy,5/6,n,,,,,,,,,
614,CEOL (Orange),,,,5/6,y,,,,,,,,,
615,HEWH (White),,,,5/6,y,,,,,,,,,
616,SANI (Orange + Yellow),,,,5/22,n,,,,,,,,,
617,SAAP (White + Green),,,,5/6,y,,,,,,,,,
618,RHOV (White + Pink),,,,5/6,y,,,,,,,,,
619,ENCA (Pink),,,,5/6,y,,,,,,,,,
620,HEWH (White),,,,5/6,y,,,,,,,,,
621,ENCA (Pink),,,,5/15,y,,,,,,,,,
622,SANI (Orange + Yellow),,,,5/15,y,,,,,,,,,
623,RHOV (White + Pink),,,,5/8,y,,,,,,,,,
624,HEWH (White),,,,5/8,y,,,,,,,,,
625,CEOL (Orange),,,,5/8,y,,,,,,,,,
626,ADFA (Orange + Green),,,,5/8,y,,,,,,,,,
627,MALA (White + Yellow),,,,5/15,n,,,,,,,,,
628,SANI (Orange + Yellow),,,,5/15,np,gopher,,,,,,,,
629,HEWH (White),,,,5/8,y,,,,,,,,,
630,SAME (Orange + Pink),,,,5/8,y,,,,,,,,,
631,RHOV (White + Pink),,,,5/8,np,,,,,,,,,
632,ENCA (Pink),,,,5/8,np,gopher,,,,,,,,
633,CEOL (Orange),,,,5/6,y,,,,,,,,,
634,CEOL (Orange),,,,5/6,y,,,,,,,,,
635,ENCA (Pink),,,,5/6,y,,,,,,,,,
636,ENCA (Pink),,,,5/6,y,gopher,,,,,,,,
637,ENCA (Pink),,,,5/6,y,,,,,,,,,
638,CEOL (Orange),,,,5/6,np,,,,,,,,,
639,SAAP (White + Green),,,,5/6,y,,,,,,,,,
640,CEOL (Orange),,,,5/6,y,,,,,,,,,
641,CEOL (Orange),,,,5/6,np,,,,,,,,,
642,ENCA (Pink),,,,5/6,np,,,,,,,,,
643,RHOV (White + Pink),,,,5/6,n,,,,,,,,,
644,CEOL (Orange),,,,5/6,y,,,,,,,,,
645,HEWH (White),,,,5/6,np,,,,,,,,,
646,RHOV (White + Pink),,,,5/6,n,,,,,,,,,
647,MALA (White + Yellow),,,,5/6,y,,,,,,,,,
648,RHOV (White + Pink),,,,5/22,y,,,,,,,,,
649,CEOL (Orange),,,,5/6,y,,,,,,,,,
650,RHOV (White + Pink),,,,5/6,y,,,,,,,,,
651,HEWH (White),,,,5/6,y,,,,,,,,,
652,HEWH (White),,,,5/6,y,,,,,,,,,
653,CEOL (Orange),,,,5/6,np,,,,,,,,,
654,SAME (Orange + Pink),,,,5/6,y,,,,,,,,,
655,HEWH (White),,,,5/6,y,,,,,,,,,
656,SANI (Orange + Yellow),,,,5/6,y,,,,,,,,,
657,RHOV (White + Pink),,,,5/6,y,,,,,,,,,
658,ENCA (Pink),,,,5/22,y,,,,,,,,,
659,ADFA (Orange + Green),,,,5/6,y,gopher activity,,,,,,,,
660,CEOL (Orange),,,,5/6,y,,,,,,,,,
661,CEOL (Orange),,,,5/6,y,,,,,,,,,
662,ADFA (Orange + Green),,,,5/6,y,,,,,,,,,
663,MALA (White + Yellow),,,,5/22,y,,,,,,,,,
664,ENCA (Pink),,,,5/6,y,,,,,,,,,
665,ENCA (Pink),,,,5/22,y,,,,,,,,,
666,SANI (Orange + Yellow),,,,5/8,y,,,,,,,,,
667,CEOL (Orange),,,,5/8,y,,,,,,,,,
668,RHOV (White + Pink),,,,5/8,y,,,,,,,,,
669,ADFA (Orange + Green),,,,5/15,y,,,,,,,,,
670,SAME (Orange + Pink),,,,5/15,y,,,,,,,,,
671,CEOL (Orange),,,,5/15,y,,,,,,,,,
672,MALA (White + Yellow),,,,5/8,n,,,,,,,,,
673,ADFA (Orange + Green),,,,5/8,y,,,,,,,,,
674,RHOV (White + Pink),,,,5/8,y,,,,,,,,,
675,SANI (Orange + Yellow),,,,5/8,y,,,,,,,,,
676,RHOV (White + Pink),,,,5/15,y,,,,,,,,,
677,SANI (Orange + Yellow),,,,5/8,y,,,,,,,,,
678,ADFA (Orange + Green),,,,5/8,y,,,,,,,,,
679,HEWH (White),,,,5/8,np,,,,,,,,,
680,CEOL (Orange),,,,5/8,y,,,,,,,,,
681,SANI (Orange + Yellow),,,,5/6,y,,,,,,,,,
682,HEWH (White),,,,5/6,y,,,,,,,,,
683,HEWH (White),,,,5/6,y,,,,,,,,,
684,HEWH (White),,,,5/8,y,,,,,,,,,
685,HEWH (White),,,,5/8,np,,,,,,,,,
686,ENCA (Pink),,,,5/15,y,,,,,,,,,
687,CEOL (Orange),,,,5/8,y,,,,,,,,,
688,ENCA (Pink),,,,5/15,y,no number on plot (below catchment 2),,,,,,,,
689,ENCA (Pink),,,,5/15,y,,,,,,,,,
690,HEWH (White),,,,5/8,y,,,,,,,,,
691,SANI (Orange + Yellow),,,,5/8,y,,,,,,,,,
692,CEOL (Orange),,,,5/8,np,,,,,,,,,
693,RHOV (White + Pink),,,,5/8,y,,,,,,,,,
694,HEAR,,,,5/8,n,,,,,,,,,
695,CEOL (Orange),,,,5/8,np,,,,,,,,,
696,CEOL (Orange),,,,5/8,n,,,,,,,,,
697,HEWH (White),,,,5/22,np,gopher,,,,,,,,
698,ENCA (Pink),,,,5/8,n,,,,,,,,,
699,RHOV (White + Pink),,,,5/8,np,gopher,,,,,,,,
700,RHOV (White + Pink),,,,5/8,n,,,,,,,,,
701,CEOL (Orange),,,,5/15,np,gopher,,,,,,,,
702,SANI (Orange + Yellow),,,,5/7,y,,,,,,,,,
703,ENCA (Pink),,,,5/7,y,,,,,,,,,
704,RHOV (White + Pink),2-11,Y,,5/6,y,,,,,,,,,
705,HEWH (White),,,,5/6,y,,,,,,,,,
706,RHOV (White + Pink),,,,5/7,y,,,,,,,,,
707,SAAP (White + Green),,,,5/6,np,,,,,,,,,
708,SAAP (White + Green),,,,5/6,y,,,,,,,,,
709,ENCA (Pink),,,,5/6,y,,,,,,,,,
710,CEOL (Orange),,,,5/7,np,,,,,,,,,
711,MALA (White + Yellow),,,,5/7,y,,,,,,,,,
712,HEWH (White),,,,5/7,np,gopher,,,,,,,,
713,ENCA (Pink),,,,5/7,y,,,,,,,,,
714,RHOV (White + Pink),,,,5/7,np,gopher,,,,,,,,
715,ENCA (Pink),,,,5/7,n,,,,,,,,,
716,SAME (Orange + Pink),,,,5/7,y,,,,,,,,,
717,CEOL (Orange),,,,5/7,y,,,,,,,,,
718,SAAP (White + Green),,,,5/7,y,,,,,,,,,
719,RHOV (White + Pink),,,,5/7,y,,,,,,,,,
720,CEOL (Orange),,,,5/7,y,,,,,,,,,
721,RHOV (White + Pink),,,,5/7,y,,,,,,,,,
722,CEOL (Orange),,,,5/7,n,,,,,,,,,
723,RHOV (White + Pink),,,,5/6,y,gopher activity,,,,,,,,
724,ENCA (Pink),,,,5/6,y,,,,,,,,,
725,CEOL (Orange),,,,5/6,np,gopher,,,,,,,,
726,CEOL (Orange),,,,5/6,y,,,,,,,,,
727,RHOV (White + Pink),,,,5/6,y,,,,,,,,,
728,CEOL (Orange),,,,5/6,y,,,,,,,,,
729,HEWH (White),,,,5/22,y,,,,,,,,,
730,ENCA (Pink),,,,5/6,y,,,,,,,,,
731,HEWH (White),,,,5/6,y,,,,,,,,,
732,CEOL (Orange),,,,5/6,y,,,,,,,,,
733,RHOV (White + Pink),,,,5/6,y,,,,,,,,,
734,RHOV (White + Pink),,,,5/6,y,,,,,,,,,
735,SANI (Orange + Yellow),,,,5/22,np,,,,,,,,,
736,ENCA (Pink),,,,5/8,y,,,,,,,,,
737,RHOV (White + Pink),,,,5/22,n,,,,,,,,,
738,CEOL (Orange),,,,5/7,y,,,,,,,,,
739,RHOV (White + Pink),,,,5/7,y,,,,,,,,,
740,RHOV (White + Pink),,,,5/7,y,,,,,,,,,
741,ENCA (Pink),,,,5/15,np,,,,,,,,,
742,HEWH (White),,,,5/15,y,,,,,,,,,
743,RHOV (White + Pink),,,,5/15,y,,,,,,,,,
744,CEOL (Orange),,,,5/15,y,,,,,,,,,
745,CEOL (Orange),,,,5/8,y,,,,,,,,,
746,MALA (White + Yellow),,,,5/8,n,gopher activity,,,,,,,,
747,CEOL (Orange),,,,5/8,np,,,,,,,,,
748,SAAP (White + Green),,,,5/15,np,,,,,,,,,
749,RHOV (White + Pink),,,,5/8,y,,,,,,,,,
750,SANI (Orange + Yellow),,,,5/8,y,,,,,,,,,
751,ENCA (Pink),,,,5/8,y,,,,,,,,,
752,RHOV (White + Pink),,,,5/8,y,,,,,,,,,
753,CEOL (Orange),,,,5/6,y,,,,,,,,,
754,ENCA (Pink),,,,5/6,y,,,,,,,,,
755,SAAP (White + Green),,,,5/6,np,,,,,,,,,
756,SAAP (White + Green),,,,5/6,y,,,,,,,,,
757,CEOL (Orange),,,,5/15,np,,,,,,,,,
758,HEWH (White),,,,5/6,y,gopher activity,,,,,,,,
759,SAAP (White + Green),,,,5/6,y,,,,,,,,,
760,ENCA (Pink),,,,5/6,y,,,,,,,,,
761,HEWH (White),,,,5/6,np,,,,,,,,,
762,HEWH (White),,,,5/8,y,gopher activity,,,,,,,,
763,SANI (Orange + Yellow),,,,5/8,y,,,,,,,,,
764,MALA (White + Yellow),,,,5/15,y,,,,,,,,,
765,ADFA (Orange + Green),,,,5/8,y,,,,,,,,,
766,CEOL (Orange),,,,5/8,np,,,,,,,,,
767,HEWH (White),,,,5/8,np,,,,,,,,,
768,ADFA (Orange + Green),,,,5/8,y,,,,,,,,,
769,CEOL (Orange),,,,5/8,np,,,,,,,,,
770,CEOL (Orange),,,,5/8,y,,,,,,,,,
771,RHOV (White + Pink),,,,5/8,y,,,,,,,,,
772,SAAP (White + Green),,,,5/8,y,,,,,,,,,
773,RHOV (White + Pink),,,,5/8,y,,,,,,,,,
774,CEOL (Orange),,,,5/8,y,,,,,,,,,
775,HEWH (White),,,,5/8,np,,,,,,,,,
776,CEOL (Orange),,,,5/15,np,,,,,,,,,
777,CEOL (Orange),,,,5/15,np,gopher,,,,,,,,
778,CEOL (Orange),,,,5/6,np,,,,,,,,,
779,ADFA (Orange + Green),,,,5/6,y,,,,,,,,,
780,ADFA (Orange + Green),,,,5/6,y,,,,,,,,,
781,HEWH (White),,,,5/6,y,,,,,,,,,
782,CEOL (Orange),,,,5/6,y,,,,,,,,,
783,MALA (White + Yellow),,,,5/6,n,,,,,,,,,
784,ENCA (Pink),,,,5/6,y,,,,,,,,,
785,SAAP (White + Green),,,,5/6,np,,,,,,,,,
786,ADFA (Orange + Green),,,,5/15,y,,,,,,,,,
787,RHOV (White + Pink),,,,5/15,y,,,,,,,,,
788,HEWH (White),,,,5/15,y,,,,,,,,,
789,CEOL (Orange),,,,5/15,y,,,,,,,,,
790,SAAP (White + Green),,,,5/15,np,,,,,,,,,
791,CEOL (Orange),,,,5/8,y,,,,,,,,,
792,CEOL (Orange),,,,5/8,np,gopher,,,,,,,,
793,HEWH (White),,,,5/8,y,,,,,,,,,
794,ADFA (Orange + Green),,,,5/8,y,,,,,,,,,
795,ENCA (Pink),,,,5/8,y,,,,,,,,,
796,ENCA (Pink),,,,5/8,y,,,,,,,,,
797,CEOL (Orange),,,,5/8,y,,,,,,,,,
798,SAME (Orange + Pink),,,,5/8,y,,,,,,,,,
799,MALA (White + Yellow),,,,5/8,n,,,,,,,,,
800,ENCA (Pink),,,,5/8,y,,,,,,,,,
801,HEWH (White),2-11,Y,,5/8,y,,,,,,,,,
802,HEWH (White),2-11,N,"no plant, gopher",5/22,np,,,,,,,,,
803,ENCA (Pink),2-11,N,no plant ,5/15,np,,,,,,,,,
804,MALA (White + Yellow),,,,,,,,,,,,,,
805,ADFA (Orange + Green),,,,5/8,y,,,,,,,,,
806,SAAP (White + Green),,,,5/8,y,,,,,,,,,
807,RHOV (White + Pink),,,,5/15,n,,,,,,,,,
808,HEWH (White),,,,5/15,y,very sad,,,,,,,,
809,CEOL (Orange),,,,5/15,y,,,,,,,,,
810,ENCA (Pink),,,,5/15,y,,,,,,,,,
811,SAME (Orange + Pink),,,,5/15,y,,,,,,,,,
812,HEWH (White),,,,5/15,y,,,,,,,,,
813,SAAP (White + Green),,,,5/15,y,,,,,,,,,
814,ADFA (Orange + Green),,,,5/8,y,,,,,,,,,
815,MALA (White + Yellow),,,,5/8,np,,,,,,,,,
816,CEOL (Orange),,,,5/8,y,,,,,,,,,
817,HEWH (White),,,,5/8,np,,,,,,,,,
818,HEWH (White),,,,5/8,np,gopher,,,,,,,,
819,ADFA (Orange + Green),,,,5/8,y,,,,,,,,,
820,SANI (Orange + Yellow),,,,5/15,y,,,,,,,,,
821,HEWH (White),,,,5/15,y,,,,,,,,,
822,RHOV (White + Pink),,,,5/15,y,,,,,,,,,
823,MALA (White + Yellow),,,,5/15,n,,,,,,,,,
824,ENCA (Pink),,,,5/15,y,,,,,,,,,
825,ENCA (Pink),,,,5/15,y,,,,,,,,,
826,ADFA (Orange + Green),,,,5/15,y,,,,,,,,,
827,ENCA (Pink),,,,5/15,y,,,,,,,,,
828,SANI (Orange + Yellow),,,,5/15,np,,,,,,,,,
829,HEWH (White),,,,5/8,y,,,,,,,,,
830,SAAP (White + Green),,,,,,,,,,,,,,
831,SAAP (White + Green),,,,5/8,np,,,,,,,,,
832,ENCA (Pink),,,,5/15,y,,,,,,,,,
833,MALA (White + Yellow),,,,5/15,n,,,,,,,,,
834,HEWH (White),,,,5/15,y,,,,,,,,,
835,CEOL (Orange),,,,5/15,y,,,,,,,,,
836,HEWH (White),,,,5/15,y,,,,,,,,,
837,HEWH (White),,,,5/15,y,,,,,,,,,
838,SAAP (White + Green),,,,5/15,np,,,,,,,,,
839,CEOL (Orange),,,,5/15,y,,,,,,,,,
840,RHOV (White + Pink),,,,5/15,np,,,,,,,,,
841,MALA (White + Yellow),,,,5/22,y,almost under catchment 2,,,,,,,,
842,ENCA (Pink),,,,5/15,y,,,,,,,,,
843,RHOV (White + Pink),,,,5/15,y,,,,,,,,,
844,RHOV (White + Pink),,,,5/22,y,,,,,,,,,
845,HEWH (White),,,,5/15,y,,,,,,,,,
846,MALA (White + Yellow),,,,5/8,y,,,,,,,,,
847,CEOL (Orange),,,,5/15,np,,,,,,,,,
848,CEOL (Orange),,,,5/15,y,,,,,,,,,
849,HEWH (White),,,,5/15,y,,,,,,,,,
850,SANI (Orange + Yellow),,,,5/15,y,,,,,,,,,
851,HEWH (White),,,,5/15,y,,,,,,,,,
852,RHOV (White + Pink),,,,5/15,y,,,,,,,,,
853,SAAP (White + Green),,,,5/15,y,,,,,,,,,
854,SAME (Orange + Pink),,,,5/15,y,,,,,,,,,
855,CEOL (Orange),,,,5/15,np,,,,,,,,,
856,ENCA (Pink),,,,5/15,np,,,,,,,,,
857,ENCA (Pink),,,,5/15,y,,,,,,,,,
858,SAME (Orange + Pink),,,,5/15,y,,,,,,,,,
859,HEAR,,,,5/15,n,,,,,,,,,
860,ENCA (Pink),,,,5/15,y,,,,,,,,,
861,RHOV (White + Pink),,,,5/8,y,,,,,,,,,
862,SAME (Orange + Pink),,,,5/22,y,,,,,,,,,
863,ENCA (Pink),,,,5/15,y,,,,,,,,,
864,HEWH (White),,,,5/15,y,,,,,,,,,
865,HEWH (White),,,,5/15,y,,,,,,,,,
866,SANI (Orange + Yellow),,,,5/15,n,,,,,,,,,
867,SAAP (White + Green),,,,5/15,np,gopher,,,,,,,,
868,CEOL (Orange),,,,5/15,n,,,,,,,,,
869,SAME (Orange + Pink),,,,5/22,y,,,,,,,,,
870,HEWH (White),,,,5/15,y,,,,,,,,,
871,HEWH (White),,,,5/15,y,,,,,,,,,
872,SAAP (White + Green),,,,5/15,y,,,,,,,,,
873,ENCA (Pink),,,,5/15,y,,,,,,,,,
874,ADFA (Orange + Green),,,,5/15,y,,,,,,,,,
875,SAME (Orange + Pink),,,,5/15,y,,,,,,,,,
876,SAAP (White + Green),,,,5/15,y,,,,,,,,,
877,RHOV (White + Pink),,,,5/15,np,gopher,,,,,,,,
878,CEOL (Orange),,,,5/15,y,,,,,,,,,
879,HEWH (White),,,,5/15,y,,,,,,,,,
880,RHOV (White + Pink),,,,5/15,np,gopher,,,,,,,,
881,HEWH (White),,,,5/15,y,,,,,,,,,
882,ENCA (Pink),,,,5/15,y,,,,,,,,,
883,SAAP (White + Green),,,,5/15,y,,,,,,,,,
884,CEOL (Orange),,,,5/15,y,,,,,,,,,
885,MALA (White + Yellow),,,,5/15,n,,,,,,,,,
886,HEWH (White),,,,5/22,y,,,,,,,,,
887,CEOL (Orange),,,,5/22,n,,,,,,,,,
888,CEOL (Orange),,,,5/22,np,gopher,,,,,,,,
889,ENCA (Pink),,,,5/22,np,burried,,,,,,,,
890,SANI (Orange + Yellow),,,,5/15,y,,,,,,,,,
891,MALA (White + Yellow),,,,5/15,y,,,,,,,,,
892,HEWH (White),,,,5/15,y,,,,,,,,,
893,CEOL (Orange),,,,5/15,np,gopher,,,,,,,,
894,ENCA (Pink),,,,5/15,np,gopher,,,,,,,,
895,ENCA (Pink),,,,5/15,y,,,,,,,,,
896,SANI (Orange + Yellow),,,,5/15,y,,,,,,,,,
897,SANI (Orange + Yellow),,,,5/22,y,,,,,,,,,
898,HEWH (White),,,,5/15,y,,,,,,,,,
899,CEOL (Orange),,,,5/22,y,,,,,,,,,
900,ADFA (Orange + Green),,,,,,,,,,,,,,
901,CEOL (Orange),,,,5/15,y,,,,,,,,,
902,ENCA (Pink),,,,5/15,y,,,,,,,,,
903,ENCA (Pink),,,,,,,,,,,,,,
904,RHOV (White + Pink),,,,,,,,,,,,,,
905,ADFA (Orange + Green),,,,5/15,y,,,,,,,,,
906,SAME (Orange + Pink),,,,5/8,y,,,,,,,,,
907,SANI (Orange + Yellow),,,,5/8,y,,,,,,,,,
908,ENCA (Pink),2-11,Y,,5/8,y,,,,,,,,,
909,HEWH (White),,,,5/15,y,,,,,,,,,
910,ENCA (Pink),,,,5/15,y,,,,,,,,,
911,SANI (Orange + Yellow),,,,5/15,y,,,,,,,,,
912,ENCA (Pink),,,,5/22,y,,,,,,,,,
913,ENCA (Pink),,,,5/15,y,,,,,,,,,
914,SAME (Orange + Pink),,,,5/15,np,,,,,,,,,
915,SANI (Orange + Yellow),,,,5/22,n,915 and 916 may be switched?,,,,,,,,
916,CEOL (Orange),,,,5/22,np,gopher,,,,,,,,
917,HEWH (White),,,,5/15,np,,,,,,,,,
918,HEWH (White),,,,5/15,y,,,,,,,,,
919,ADFA (Orange + Green),,,,5/15,y,,,,,,,,,
920,SANI (Orange + Yellow),,,,5/15,np,,,,,,,,,
921,ENCA (Pink),,,,5/22,y,,,,,,,,,
922,SAAP (White + Green),,,,5/15,np,,,,,,,,,
923,ENCA (Pink),,,,5/15,n,,,,,,,,,
924,RHOV (White + Pink),,,,5/15,y,,,,,,,,,
925,CEOL (Orange),,,,5/15,np,,,,,,,,,
926,CEOL (Orange),,,,5/15,y,,,,,,,,,
927,RHOV (White + Pink),,,,5/15,y,,,,,,,,,
928,MALA (White + Yellow),,,,5/15,y,,,,,,,,,
929,SANI (Orange + Yellow),,,,5/22,n,,,,,,,,,
930,RHOV (White + Pink),,,,5/15,np,,,,,,,,,
931,HEWH (White),,,,5/15,y,,,,,,,,,
932,CEOL (Orange),,,,5/15,n,,,,,,,,,
933,CEOL (Orange),,,,5/15,y,,,,,,,,,
934,HEWH (White),,,,5/22,n,,,,,,,,,
935,RHOV (White + Pink),,,,5/15,y,,,,,,,,,
936,ADFA (Orange + Green),,,,5/15,n,,,,,,,,,
937,SANI (Orange + Yellow),,,,5/15,n,,,,,,,,,
938,ENCA (Pink),,,,5/15,y,,,,,,,,,
939,CEOL (Orange),,,,5/15,y,,,,,,,,,
940,SANI (Orange + Yellow),,,,5/15,y,,,,,,,,,
941,SAAP (White + Green),,,,5/15,y,,,,,,,,,
942,SAAP (White + Green),,,,5/15,np,,,,,,,,,
943,HEWH (White),,,,5/15,y,,,,,,,,,
944,SANI (Orange + Yellow),,,,5/15,y,,,,,,,,,
945,ADFA (Orange + Green),,,,5/15,n,gopher activity,,,,,,,,
946,RHOV (White + Pink),,,,5/15,n,,,,,,,,,
947,MALA (White + Yellow),,,,5/15,n,gopher,,,,,,,,
948,HEWH (White),,,,5/15,np,gopher,,,,,,,,
949,SANI (Orange + Yellow),,,,5/15,np,gopher,,,,,,,,
950,SANI (Orange + Yellow),,,,5/15,y,,,,,,,,,
951,SANI (Orange + Yellow),,,,5/15,y,,,,,,,,,
952,SAME (Orange + Pink),,,,5/15,np,gopher,,,,,,,,
953,ENCA (Pink),,,,5/15,np,gopher,,,,,,,,
954,RHOV (White + Pink),,,,5/15,y,,,,,,,,,
955,RHOV (White + Pink),,,,5/15,y,,,,,,,,,
956,SAAP (White + Green),,,,5/15,y,,,,,,,,,
957,CEOL (Orange),,,,5/15,np,gopher,,,,,,,,
958,ENCA (Pink),,,,,,,,,,,,,,
959,ENCA (Pink),,,,5/15,n,,,,,,,,,
960,ENCA (Pink),,,,5/15,y,,,,,,,,,
961,RHOV (White + Pink),,,,5/15,y,,,,,,,,,
962,HEWH (White),,,,5/15,y,,,,,,,,,
963,CEOL (Orange),,,,5/15,y,,,,,,,,,
964,MALA (White + Yellow),,,,5/15,n,,,,,,,,,
965,HEWH (White),,,,5/15,y,,,,,,,,,
966,HEAR,,,,5/15,n,,,,,,,,,
967,ADFA (Orange + Green),,,,5/15,n,gopher activity,,,,,,,,
968,SAAP (White + Green),,,,5/15,y,,,,,,,,,
969,HEWH (White),,,,5/15,y,,,,,,,,,
970,ENCA (Pink),,,,5/15,n,,,,,,,,,
971,CEOL (Orange),,,,5/15,y,,,,,,,,,
972,ADFA (Orange + Green),,,,5/15,y,,,,,,,,,
973,MALA (White + Yellow),,,,5/15,y,,,,,,,,,
974,SANI (Orange + Yellow),,,,5/15,y,,,,,,,,,
975,CEOL (Orange),,,,,,,,,,,,,,
976,RHOV (White + Pink),,,,5/15,n,,,,,,,,,
977,SAAP (White + Green),,,,5/15,y,,,,,,,,,
978,RHOV (White + Pink),,,,5/15,y,,,,,,,,,
979,ENCA (Pink),,,,5/8,y,,,,,,,,,
980,ENCA (Pink),,,,5/8,y,,,,,,,,,
981,HEWH (White),,,,5/15,y,,,,,,,,,
982,ADFA (Orange + Green),,,,5/15,n,,,,,,,,,
983,HEWH (White),,,,5/15,np,,,,,,,,,
984,HEWH (White),,,,5/15,y,,,,,,,,,
985,MALA (White + Yellow),,,,5/8,y,,,,,,,,,
986,SANI (Orange + Yellow),,,,5/15,np,,,,,,,,,
987,CEOL (Orange),,,,5/15,y,,,,,,,,,
988,MALA (White + Yellow),,,,5/8,y,,,,,,,,,
989,SANI (Orange + Yellow),,,,5/8,y,,,,,,,,,
990,CEOL (Orange),,,,5/8,y,,,,,,,,,
991,CEOL (Orange),,,,5/15,np,gopher,,,,,,,,
992,CEOL (Orange),,,,5/8,y,,,,,,,,,
993,ADFA (Orange + Green),,,,5/8,y,,,,,,,,,
994,ADFA (Orange + Green),,,,5/15,y,,,,,,,,,
995,HEWH (White),,,,5/8,np,,,,,,,,,
996,ENCA (Pink),,,,5/8,np,,,,,,,,,
997,ENCA (Pink),,,,5/8,y,,,,,,,,,
998,ADFA (Orange + Green),,,,5/8,y,,,,,,,,,
999,ENCA (Pink),,,,5/8,np,,,,,,,,,
1000,RHOV (White + Pink),,,,5/8,y,,,,,,,,,
1001,CEOL (Orange),,,,5/7,y,,,,,,,,,
1002,SAME (Orange + Pink),,,,5/14,y,,,,,,,,,
1003,MALA (White + Yellow),,,,5/14,y,,,,,,,,,
1004,HEWH (White),,,,5/13,y,,,,,,,,,
1005,CEOL (Orange),,,,5/14,y,,,,,,,,,
1006,HEWH (White),,,,5/14,y,,,,,,,,,
1007,ADFA (Orange + Green),,,,5/8,y,,,,,,,,,
1008,RHOV (White + Pink),,,,5/13,y,,,,,,,,,
1009,HEWH (White),,,,5/13,y,,,,,,,,,
1010,ADFA (Orange + Green),,,,5/13,n,,,,,,,,,
1011,RHOV (White + Pink),,,,5/13,y,,,,,,,,,
1012,MALA (White + Yellow),,,,5/8,y,,,,,,,,,
1013,SANI (Orange + Yellow),,,,5/8,np,gopher,,,,,,,,
1014,ENCA (Pink),,,,5/8,y,,,,,,,,,
1015,ENCA (Pink),,,,5/13,y,,,,,,,,,
1016,MALA (White + Yellow),,,,5/14,n,,,,,,,,,
1017,HEWH (White),,,,5/14,y,,,,,,,,,
1018,HEWH (White),,,,5/14,y,,,,,,,,,
1019,CEOL (Orange),,,,5/13,y,,,,,,,,,
1020,SAME (Orange + Pink),,,,5/13,y,,,,,,,,,
1021,RHOV (White + Pink),,,,5/13,y,,,,,,,,,
1022,CEOL (Orange),,,,5/13,y,,,,,,,,,
1023,CEOL (Orange),,,,5/13,y,,,,,,,,,
1024,CEOL (Orange),,,,5/14,y,,,,,,,,,
1025,HEWH (White),,,,5/14,y,,,,,,,,,
1026,HEWH (White),,,,5/13,y,,,,,,,,,
1027,CEOL (Orange),,,,5/13,y,,,,,,,,,
1028,HEWH (White),,,,5/13,y,,,,,,,,,
1029,ADFA (Orange + Green),,,,5/13,y,,,,,,,,,
1030,HEWH (White),,,,5/13,y,,,,,,,,,
1031,RHOV (White + Pink),,,,5/13,y,,,,,,,,,
1032,ADFA (Orange + Green),,,,5/13,y,,,,,,,,,
1033,CEOL (Orange),,,,5/13,y,,,,,,,,,
1034,ADFA (Orange + Green),,,,5/14,y,,,,,,,,,
1035,CEOL (Orange),,,,5/14,y,,,,,,,,,
1036,RHOV (White + Pink),,,,5/13,y,,,,,,,,,
1037,HEWH (White),,,,5/13,y,,,,,,,,,
1038,CEOL (Orange),,,,5/13,y,,,,,,,,,
1039,SAAP (White + Green),,,,5/13,np,,,,,,,,,
1040,HEWH (White),,,,5/13,y,,,,,,,,,
1041,HEWH (White),,,,5/13,y,,,,,,,,,
1042,CEOL (Orange),,,,5/13,y,,,,,,,,,
1043,RHOV (White + Pink),,,,5/13,y,,,,,,,,,
1044,MALA (White + Yellow),,,,5/13,y,,,,,,,,,
1045,ENCA (Pink),,,,5/13,y,,,,,,,,,
1046,ENCA (Pink),,,,5/13,y,,,,,,,,,
1047,HEWH (White),,,,5/13,y,,,,,,,,,
1048,ADFA (Orange + Green),,,,5/13,n,,,,,,,,,
1049,CEOL (Orange),,,,5/14,y,,,,,,,,,
1050,SAAP (White + Green),,,,5/13,y,,,,,,,,,
1051,HEWH (White),,,,5/14,y,,,,,,,,,
1052,RHOV (White + Pink),,,,5/13,y,,,,,,,,,
1053,MALA (White + Yellow),,,,5/13,y,,,,,,,,,
1054,HEWH (White),,,,5/13,y,,,,,,,,,
1055,ENCA (Pink),,,,5/13,y,,,,,,,,,
1056,HEWH (White),,,,5/13,y,,,,,,,,,
1057,SAME (Orange + Pink),,,,5/13,y,,,,,,,,,
1058,ENCA (Pink),,,,5/14,y,,,,,,,,,
1059,MALA (White + Yellow),,,,5/13,y,,,,,,,,,
1060,ADFA (Orange + Green),,,,5/13,y,,,,,,,,,
1061,CEOL (Orange),,,,5/14,y,,,,,,,,,
1062,CEOL (Orange),,,,5/13,y,,,,,,,,,
1063,HEWH (White),,,,5/13,y,,,,,,,,,
1064,ADFA (Orange + Green),,,,5/13,y,,,,,,,,,
1065,MALA (White + Yellow),,,,5/13,y,,,,,,,,,
1066,SANI (Orange + Yellow),,,,5/13,y,,,,,,,,,
1067,HEWH (White),,,,5/14,y,,,,,,,,,
1068,HEWH (White),,,,5/14,y,,,,,,,,,
1069,ENCA (Pink),,,,5/14,y,,,,,,,,,
1070,SANI (Orange + Yellow),,,,5/14,y,,,,,,,,,
1071,RHOV (White + Pink),,,,5/13,np,,,,,,,,,
1072,RHOV (White + Pink),,,,5/13,y,,,,,,,,,
1073,HEWH (White),,,,5/13,y,,,,,,,,,
1074,ENCA (Pink),,,,5/13,y,,,,,,,,,
1075,SAAP (White + Green),,,,5/13,np,,,,,,,,,
1076,MALA (White + Yellow),,,,5/13,y,,,,,,,,,
1077,RHOV (White + Pink),,,,5/13,y,,,,,,,,,
1078,HEWH (White),,,,5/14,y,,,,,,,,,
1079,SAAP (White + Green),,,,5/13,y,,,,,,,,,
1080,HEWH (White) ENCA,,,,5/14,y,,,,,,,,,
1081,CEOL (Orange),,,,5/14,y,,,,,,,,,
1082,ENCA (Pink),,,,5/14,y,,,,,,,,,
1083,HEWH (White),,,,5/14,y,,,,,,,,,
1084,ENCA (Pink),,,,5/14,y,,,,,,,,,
1085,RHOV (White + Pink),,,,5/14,y,,,,,,,,,
1086,RHOV (White + Pink),,,,5/13,y,,,,,,,,,
1087,MALA (White + Yellow),,,,5/13,y,,,,,,,,,
1088,RHOV (White + Pink),,,,5/13,y,,,,,,,,,
1089,SANI (Orange + Yellow),,,,5/13,y,,,,,,,,,
1090,HEWH (White),,,,5/13,y,,,,,,,,,
1091,HEWH (White),,,,5/13,y,,,,,,,,,
1092,CEOL (Orange),,,,5/13,y,,,,,,,,,
1093,ENCA (Pink),,,,5/13,y,,,,,,,,,
1094,CEOL (Orange),,,,5/13,y,,,,,,,,,
1095,ENCA (Pink),,,,5/13,y,,,,,,,,,
1096,HEWH (White),,,,5/13,y,,,,,,,,,
1097,CEOL (Orange),,,,5/13,y,,,,,,,,,
1098,HEWH (White),,,,5/14,y,,,,,,,,,
1099,CEOL (Orange),,,,5/13,y,,,,,,,,,
1100,SANI (Orange + Yellow),,,,5/13,y,,,,,,,,,
1101,RHOV (White + Pink),,,,5/7,y,,,,,,,,,
1102,RHOV (White + Pink),,,,5/7,y,,,,,,,,,
1103,SAAP (White + Green),,,,5/7,y,,,,,,,,,
1104,RHOV (White + Pink),,,,5/8,y,,,,,,,,,
1105,HEWH (White),,,,5/8,y,,,,,,,,,
1106,RHOV (White + Pink),,,,5/8,y,,,,,,,,,
1107,SANI (Orange + Yellow),,,,5/8,y,,,,,,,,,
1108,ADFA (Orange + Green),,,,5/8,y,,,,,,,,,
1109,ADFA (Orange + Green),,,,5/8,n,,,,,,,,,
1110,HEWH (White),,,,5/8,y,,,,,,,,,
1111,CEOL (Orange),,,,5/8,y,,,,,,,,,
1112,CEOL (Orange),,,,5/8,y,,,,,,,,,
1113,SAME (Orange + Pink),,,,5/8,y,,,,,,,,,
1114,ENCA (Pink),,,,5/8,y,,,,,,,,,
1115,RHOV (White + Pink),,,,5/8,y,,,,,,,,,
1116,HEWH (White),,,,5/8,y,,,,,,,,,
1117,ENCA (Pink),,,,5/14,y,,,,,,,,,
1118,RHOV (White + Pink),,,,5/8,y,,,,,,,,,
1119,CEOL (Orange),,,,5/8,y,looks eaten,,,,,,,,
1120,ADFA (Orange + Green),,,,5/8,y,,,,,,,,,
1121,CEOL (Orange),,,,5/8,y,,,,,,,,,
1122,ENCA (Pink),,,,5/8,y,,,,,,,,,
1123,HEWH (White),,,,5/8,y,,,,,,,,,
1124,RHOV (White + Pink),,,,5/8,y,,,,,,,,,
1125,SAAP (White + Green),,,,5/8,y,,,,,,,,,
1126,CEOL (Orange),,,,5/8,y,,,,,,,,,
1127,ADFA (Orange + Green),,,,5/8,y,,,,,,,,,
1128,HEWH (White),,,,5/8,y,,,,,,,,,
1129,ENCA (Pink),,,,5/8,y,,,,,,,,,
1130,SAME (Orange + Pink),,,,5/8,y,,,,,,,,,
1131,CEOL (Orange),,,,5/8,y,,,,,,,,,
1132,CEOL (Orange),,,,5/8,y,,,,,,,,,
1133,ENCA (Pink),,,,5/8,y,,,,,,,,,
1134,SAME (Orange + Pink),,,,5/8,y,,,,,,,,,
1135,ENCA (Pink),,,,5/8,y,,,,,,,,,
1136,ENCA (Pink),,,,5/8,y,,,,,,,,,
1137,MALA (White + Yellow),,,,5/8,n,,,,,,,,,
1138,RHOV (White + Pink),,,,5/13,np,,,,,,,,,
1139,SAME (Orange + Pink),,,,5/13,y,,,,,,,,,
1140,SAME (Orange + Pink),,,,5/13,y,,,,,,,,,
1141,HEWH (White),,,,5/14,y,,,,,,,,,
1142,CEOL (Orange),,,,5/14,y,,,,,,,,,
1143,MALA (White + Yellow),,,,5/14,np,,,,,,,,,
1144,HEWH (White),,,,5/14,y,,,,,,,,,
1145,SANI (Orange + Yellow),,,,5/14,y,,,,,,,,,
1146,HEWH (White),,,,5/14,np,,,,,,,,,
1147,HEWH (White),,,,5/14,y,,,,,,,,,
1148,CEOL (Orange),,,,5/14,y,,,,,,,,,
1149,SANI (Orange + Yellow),,,,5/14,y,,,,,,,,,
1150,HEWH (White),,,,5/14,np,,,,,,,,,
1151,CEOL (Orange),,,,5/14,y,,,,,,,,,
1152,HEAR,,,,5/14,y,,,,,,,,,
1153,MALA (White + Yellow),,,,5/14,y,,,,,,,,,
1154,SANI (Orange + Yellow),,,,5/14,y,,,,,,,,,
1155,SAAP (White + Green),,,,5/14,y,,,,,,,,,
1156,SAME (Orange + Pink),,,,5/14,y,,,,,,,,,
1157,HEWH (White),,,,5/14,np,,,,,,,,,
1158,SAAP (White + Green),,,,5/14,n,,,,,,,,,
1159,ADFA (Orange + Green),,,,5/14,y,,,,,,,,,
1160,HEWH (White),,,,5/14,y,,,,,,,,,
1161,ENCA (Pink),,,,5/14,np,,,,,,,,,
1162,ENCA (Pink),,,,5/14,np,,,,,,,,,
1163,SANI (Orange + Yellow),,,,5/14,np,,,,,,,,,
1164,SAME (Orange + Pink),,,,5/14,np,,,,,,,,,
1165,SAME (Orange + Pink),,,,5/14,np,,,,,,,,,
1166,RHOV (White + Pink),,,,5/14,np,,,,,,,,,
1167,HEWH (White),,,,5/14,y,,,,,,,,,
1168,MALA (White + Yellow),,,,5/14,y,,,,,,,,,
1169,SAME (Orange + Pink),,,,5/14,n,,,,,,,,,
1170,CEOL (Orange),,,,5/14,y,,,,,,,,,
1171,SANI (Orange + Yellow),,,,5/14,y,,,,,,,,,
1172,CEOL (Orange),,,,5/14,y,,,,,,,,,
1173,SANI (Orange + Yellow),,,,5/14,y,,,,,,,,,
1174,ENCA (Pink),,,,5/14,y,,,,,,,,,
1175,ADFA (Orange + Green),,,,5/14,y,,,,,,,,,
1176,ENCA (Pink),,,,5/14,y,,,,,,,,,
1177,RHOV (White + Pink),,,,5/14,y,,,,,,,,,
1178,RHOV (White + Pink),,,,5/14,np,,,,,,,,,
1179,ENCA (Pink),,,,5/14,y,,,,,,,,,
1180,MALA (White + Yellow),,,,5/14,y,,,,,,,,,
1181,CEOL (Orange),,,,5/14,y,,,,,,,,,
1182,HEWH (White),,,,5/14,y,,,,,,,,,
1183,ADFA (Orange + Green),,,,5/14,y,,,,,,,,,
1184,CEOL (Orange),,,,5/14,y,,,,,,,,,
1185,CEOL (Orange),,,,5/14,y,,,,,,,,,
1186,MALA (White + Yellow),,,,5/14,np,gopher,,,,,,,,
1187,RHOV (White + Pink),,,,5/14,y,,,,,,,,,
1188,CEOL (Orange),,,,5/14,y,,,,,,,,,
1189,CEOL (Orange),,,,5/14,y,,,,,,,,,
1190,CEOL (Orange),,,,5/14,y,,,,,,,,,
1191,ADFA (Orange + Green),,,,5/14,y,,,,,,,,,
1192,ENCA (Pink),,,,5/14,y,,,,,,,,,
1193,SAME (Orange + Pink),,,,5/14,y,,,,,,,,,
1194,ADFA (Orange + Green),,,,,,,,,,,,,,
1195,MALA (White + Yellow),,,,5/14,y,,,,,,,,,
1196,MALA (White + Yellow),,,,5/14,y,,,,,,,,,
1197,SANI (Orange + Yellow),,,,,,,,,,,,,,
1198,RHOV (White + Pink),,,,5/14,y,,,,,,,,,
1199,SAME (Orange + Pink),,,,5/14,y,,,,,,,,,
1200,ENCA (Pink),,,,5/14,y,,,,,,,,,
1201,ADFA (Orange + Green),,,,5/14,y,,,,,,,,,
1202,SAAP (White + Green),,,,5/14,n,,,,,,,,,
1203,HEWH (White),,,,5/14,y,,,,,,,,,
1204,RHOV (White + Pink),,,,5/14,y,,,,,,,,,
1205,SANI (Orange + Yellow),,,,5/14,y,,,,,,,,,
1206,CEOL (Orange),,,,5/7,y,,,,,,,,,
1207,SANI (Orange + Yellow),,,,5/14,y,,,,,,,,,
1208,HEWH (White),,,,5/14,np,,,,,,,,,
1209,ADFA (Orange + Green),,,,5/22,y,,,,,,,,,
1210,SAAP (White + Green),,,,5/14,np,,,,,,,,,
1211,SANI (Orange + Yellow),,,,5/7,y,,,,,,,,,
1212,CEOL (Orange),,,,5/7,y,,,,,,,,,
1213,ENCA (Pink),,,,5/14,y,,,,,,,,,
1214,SAAP (White + Green),,,,5/14,np,,,,,,,,,
1215,RHOV (White + Pink),,,,5/13,y,,,,,,,,,
1216,SAME (Orange + Pink),,,,5/13,np,,,,,,,,,
1217,RHOV (White + Pink),,,,5/14,np,,,,,,,,,
1218,MALA (White + Yellow),,,,5/13,y,,,,,,,,,
1219,CEOL (Orange),,,,5/14,y,,,,,,,,,
1220,SAAP (White + Green),,,,5/7,y,,,,,,,,,
1221,ENCA (Pink),,,,5/14,y,watered 2x,,,,,,,,
1222,ADFA (Orange + Green),,,,5/14,y,,,,,,,,,
1223,HEWH (White),,,,5/14,y,,,,,,,,,
1224,ADFA (Orange + Green),,,,5/22,n,,,,,,,,,
1225,MALA (White + Yellow),,,,5/14,y,,,,,,,,,
1226,ENCA (Pink),,,,5/14,y,,,,,,,,,
1227,ADFA (Orange + Green),,,,5/13,y,,,,,,,,,
1228,CEOL (Orange),,,,5/13,y,,,,,,,,,
1229,HEWH (White),,,,5/13,np,,,,,,,,,
1230,SAAP (White + Green),,,,5/14,n,,,,,,,,,
1231,HEAR,,,,5/14,y,,,,,,,,,
1232,HEWH (White),,,,5/14,y,,,,,,,,,
1233,SAME (Orange + Pink),,,,5/14,n,murdered by shane,,,,,,,,
1234,CEOL (Orange),,,,5/13,y,,,,,,,,,
1235,MALA (White + Yellow),,,,5-22,y,,,,,,,,,
1236,RHOV (White + Pink),,,,5/13,y,,,,,,,,,
1237,RHOV (White + Pink),,,,5/13,y,,,,,,,,,
1238,ADFA (Orange + Green),,,,5/14,y,,,,,,,,,
1239,ADFA (Orange + Green),,,,5/13,y,,,,,,,,,
1240,ADFA (Orange + Green),,,,5/14,y,,,,,,,,,
1241,HEWH (White),,,,5/14,y,,,,,,,,,
1242,SANI (Orange + Yellow),,,,5/14,y,,,,,,,,,
1243,ADFA (Orange + Green),,,,5/14,n,,,,,,,,,
1244,RHOV (White + Pink),,,,5/22,y,,,,,,,,,
1245,ADFA (Orange + Green),,,,5/8,y,,,,,,,,,
1246,SANI (Orange + Yellow),,,,5/14,y,,,,,,,,,
1247,ADFA (Orange + Green),,,,5/22,y,gopher activity,,,,,,,,
1248,SANI (Orange + Yellow),,,,5/14,y,,,,,,,,,
1249,ADFA (Orange + Green),,,,5/22,y,,,,,,,,,
1250,RHOV (White + Pink),,,,5/22,y,,,,,,,,,
1251,ENCA (Pink),,,,5/14,y,,,,,,,,,
1252,HEWH (White),,,,5/14,y,,,,,,,,,
1253,RHOV (White + Pink),,,,5/22,y,,,,,,,,,
1254,CEOL (Orange),,,,5/22,np,,,,,,,,,
1255,RHOV (White + Pink),,,,5/14,y,,,,,,,,,
1256,HEWH (White),,,,5/14,y,,,,,,,,,
1257,HEWH (White),,,,5/13,y,,,,,,,,,
1258,RHOV (White + Pink),,,,5/14,y,,,,,,,,,
1259,CEOL (Orange),,,,5/14,y,,,,,,,,,
1260,RHOV (White + Pink),,,,5/14,y,,,,,,,,,
1261,RHOV (White + Pink),,,,5/14,np,gopher,,,,,,,,
1262,MALA (White + Yellow),,,,5/14,y,,,,,,,,,
1263,SANI (Orange + Yellow),,,,5/14,y,,,,,,,,,
1264,RHOV (White + Pink),,,,5/14,y,,,,,,,,,
1265,HEWH (White),,,,5/7,y,,,,,,,,,
1266,RHOV (White + Pink),,,,5/7,y,,,,,,,,,
1267,CEOL (Orange),,,,5/7,y,,,,,,,,,
1268,HEWH (White),,,,5/8,y,,,,,,,,,
1269,MALA (White + Yellow),,,,5/7,n,,,,,,,,,
1270,ADFA (Orange + Green),,,,5/7,n,,,,,,,,,
1271,SAME (Orange + Pink),,,,,,,,,,,,,,
1272,ENCA (Pink),,,,,,,,,,,,,,
1273,ENCA (Pink),,,,,,,,,,,,,,
1274,ADFA (Orange + Green),,,,5/14,y,,,,,,,,,
1275,ADFA (Orange + Green),,,,5/7,y,,,,,,,,,
1276,RHOV (White + Pink),,,,5/7,y,,,,,,,,,
1277,MALA (White + Yellow),,,,5/22,y,,,,,,,,,
1278,SANI (Orange + Yellow),,,,5/14,y,,,,,,,,,
1279,HEWH (White),,,,5/14,y,,,,,,,,,
1280,SANI (Orange + Yellow),,,,5/14,y,,,,,,,,,
1281,CEOL (Orange),,,,5/14,y,watered 2x,,,,,,,,
1282,CEOL (Orange),,,,,,,,,,,,,,
1283,ENCA (Pink),,,,,,not planted no cut,,,,,,,,
1284,HEWH (White),,,,5/22,y,,,,,,,,,
1285,CEOL (Orange),,,,5/14,y,,,,,,,,,
1286,HEWH (White),,,,5/8,y,,,,,,,,,
1287,HEWH (White),,,,5/14,y,,,,,,,,,
1288,SAAP (White + Green),,,,5/8,y,,,,,,,,,
1289,ADFA (Orange + Green),,,,5/8,y,,,,,,,,,
1290,HEAR,,,,5/14,n,,,,,,,,,
1291,SAME (Orange + Pink),,,,5/14,y,,,,,,,,,
1292,ENCA (Pink),,,,5/14,y,,,,,,,,,
1293,HEWH (White),,,,5/14,y,,,,,,,,,
1294,RHOV (White + Pink),,,,5/14,y,,,,,,,,,
1295,CEOL (Orange),,,,5/22,np,,,,,,,,,
1296,MALA (White + Yellow),,,,5/14,y,,,,,,,,,
1297,HEWH (White),,,,5/14,y,,,,,,,,,
1298,ADFA (Orange + Green),,,,5/22,y,,,,,,,,,
1299,CEOL (Orange),,,,5/22,y,,,,,,,,,
1300,ENCA (Pink),,,,5/6,np,,,,,,,,,
1301,ADFA (Orange + Green),,,,5/13,y,,,,,,,,,
1302,HEWH (White),,,,5/13,y,,,,,,,,,
1303,ENCA (Pink),,,,5/13,y,,,,,,,,,
1304,ENCA (Pink),,,,5/13,y,,,,,,,,,
1305,ADFA (Orange + Green),,,,5/13,y,,,,,,,,,
1306,MALA (White + Yellow),,,,5-13,y,,,,,,,,,
1307,SAAP (White + Green),,,,5/22,y,,,,,,,,,
1308,ENCA (Pink),,,,5/13,y,,,,,,,,,
1309,HEWH (White),,,,,,not planted no cut,,,,,,,,
1310,RHOV (White + Pink),,,,5/13,y,,,,,,,,,
1311,HEWH (White),,,,5/13,y,,,,,,,,,
1312,RHOV (White + Pink),,,,5/13,y,,,,,,,,,
1313,RHOV (White + Pink),,,,5/13,y,,,,,,,,,
1314,SAME (Orange + Pink),,,,5/13,y,,,,,,,,,
1315,ENCA (Pink),,,,5/13,y,,,,,,,,,
1316,SAME (Orange + Pink),,,,5/8,y,,,,,,,,,
1317,HEWH (White),,,,5/8,y,,,,,,,,,
1318,SANI (Orange + Yellow),,,,5/13,y,,,,,,,,,
1319,SAAP (White + Green),,,,5/13,y,,,,,,,,,
1320,SAME (Orange + Pink),,,,5/13,y,,,,,,,,,
1321,CEOL (Orange),,,,5/13,y,,,,,,,,,
1322,RHOV (White + Pink),,,,5/13,y,,,,,,,,,
1323,HEWH (White),,,,5/13,y,,,,,,,,,
1324,SAME (Orange + Pink),,,,5/13,y,,,,,,,,,
1325,SAME (Orange + Pink),,,,5/13,y,,,,,,,,,
1326,MALA (White + Yellow),,,,5/13,y,ARCA volunteer in plot,,,,,,,,
1327,SANI (Orange + Yellow),,,,5/13,y,,,,,,,,,
1328,SAME (Orange + Pink),,,,5/13,y,,,,,,,,,
1329,HEWH (White),,,,5/13,y,,,,,,,,,
1330,ENCA (Pink),,,,5/13,y,,,,,,,,,
1331,SAME (Orange + Pink),,,,5/13,y,,,,,,,,,
1332,ENCA (Pink),,,,5/13,y,,,,,,,,,
1333,HEWH (White),,,,5/13,y,,,,,,,,,
1334,HEWH (White),,,,5/13,y,,,,,,,,,
1335,ENCA (Pink),,,,5/13,y,,,,,,,,,
1336,RHOV (White + Pink),,,,5/13,y,,,,,,,,,
1337,MALA (White + Yellow),,,,5/13,y,,,,,,,,,
1338,CEOL (Orange),,,,5/13,y,,,,,,,,,
1339,HEWH (White),,,,5/13,y,,,,,,,,,
1340,CEOL (Orange),,,,5/13,y,,,,,,,,,
1341,SANI (Orange + Yellow),,,,5/13,y,,,,,,,,,
1342,ENCA (Pink),,,,5/13,y,,,,,,,,,
1343,SAAP (White + Green),,,,5/13,y,,,,,,,,,
1344,CEOL (Orange),,,,5/13,y,,,,,,,,,
1345,RHOV (White + Pink),,,,5/13,y,,,,,,,,,
1346,HEWH (White),,,,5/13,y,,,,,,,,,
1347,ADFA (Orange + Green),,,,5/13,y,,,,,,,,,
1348,MALA (White + Yellow),,,,5/13,n,,,,,,,,,
1349,SAME (Orange + Pink),,,,5/13,y,,,,,,,,,
1350,RHOV (White + Pink),,,,5/13,y,,,,,,,,,
1351,ADFA (Orange + Green),,,,5/13,y,,,,,,,,,
1352,CEOL (Orange),,,,5/13,y,,,,,,,,,
1353,RHOV (White + Pink),,,,5/13,y,,,,,,,,,
1354,HEWH (White),,,,5/13,y,,,,,,,,,
1355,SANI (Orange + Yellow),,,,5/13,y,,,,,,,,,
1356,RHOV (White + Pink),,,,5/13,y,,,,,,,,,
1357,ENCA (Pink),,,,5/13,y,,,,,,,,,
1358,CEOL (Orange),,,,5/13,y,,,,,,,,,
1359,ADFA (Orange + Green),,,,5/13,n,,,,,,,,,
1360,CEOL (Orange),,,,5/14,y,,,,,,,,,
1361,ENCA (Pink),,,,5/14,y,,,,,,,,,
1362,ADFA (Orange + Green),,,,5/14,y,,,,,,,,,
1363,SAME (Orange + Pink),,,,5/14,np,,,,,,,,,
1364,RHOV (White + Pink),,,,5/14,y,gopher,,,,,,,,
1365,ENCA (Pink),,,,5/14,y,,,,,,,,,
1366,SAAP (White + Green),,,,5/14,y,,,,,,,,,
1367,RHOV (White + Pink),,,,5/14,y,,,,,,,,,
1368,RHOV (White + Pink),,,,5/14,y,gopher,,,,,,,,
1369,ENCA (Pink),,,,5/14,y,,,,,,,,,
1370,HEWH (White),,,,5/14,y,,,,,,,,,
1371,CEOL (Orange),,,,5/14,y,,,,,,,,,
1372,HEWH (White),,,,5/14,y,,,,,,,,,
1373,MALA (White + Yellow),,,,5/14,y,,,,,,,,,
1374,SANI (Orange + Yellow),,,,5/14,np,gopher,,,,,,,,
1375,CEOL (Orange),,,,5/14,y,,,,,,,,,
1376,HEAR,,,,5/14,y,,,,,,,,,
1377,SANI (Orange + Yellow),,,,5/14,y,,,,,,,,,
1378,SAME (Orange + Pink),,,,5/14,y,,,,,,,,,
1379,HEWH (White),,,,5/14,y,,,,,,,,,
1380,RHOV (White + Pink),,,,5/14,y,,,,,,,,,
1381,CEOL (Orange),,,,5/14,y,,,,,,,,,
1382,SAME (Orange + Pink),,,,5/14,y,,,,,,,,,
1383,RHOV (White + Pink),,,,5/22,y,,,,,,,,,
1384,CEOL (Orange),,,,5/22,y,,,,,,,,,
1385,SAAP (White + Green),,,,5/14,np,,,,,,,,,
1386,RHOV (White + Pink),,,,5/14,y,,,,,,,,,
1387,CEOL (Orange),,,,5/14,y,,,,,,,,,
1388,CEOL (Orange),,,,5/14,y,,,,,,,,,
1389,HEWH (White),,,,5/14,y,,,,,,,,,
1390,RHOV (White + Pink),,,,5/7,y,,,,,,,,,
1391,CEOL (Orange),,,,5/22,y,,,,,,,,,
1392,CEOL (Orange),,,,5/22,y,,,,,,,,,
1393,SANI (Orange + Yellow),,,,5/13,y,,,,,,,,,
1394,ADFA (Orange + Green),,,,5/14,y,,,,,,,,,
1395,ADFA (Orange + Green),,,,5/14,y,,,,,,,,,
1396,HEWH (White),,,,5/14,y,,,,,,,,,
1397,MALA (White + Yellow),,,,5/14,y,,,,,,,,,
1398,HEWH (White),,,,5/14,y,,,,,,,,,
1399,RHOV (White + Pink),,,,5/14,y,,,,,,,,,
1400,SAAP (White + Green),,,,5/14,y,,,,,,,,,
1401,CEOL (Orange),,,,5/22,y,watered 2x,,,,,,,,
1402,RHOV (White + Pink),,,,5/22,y,,,,,,,,,
1403,MALA (White + Yellow),,,,5/14,y,,,,,,,,,
1404,HEAR,,,,5/6,y,,,,,,,,,
1405,RHOV (White + Pink),,,,5/14,y,,,,,,,,,
1406,CEOL (Orange),,,,5/14,y,,,,,,,,,
1407,HEAR,,,,5/6,y,,,,,,,,,
1408,RHOV (White + Pink),,,,,,,,,,,,,,
1409,HEAR,,,,5/6,y,,,,,,,,,
1410,HEAR,,,,5/6,y,,,,,,,,,
1411,HEAR,,,,5/6,y,,,,,,,,,
1412,RHOV (White + Pink),,,,5/14,y,,,,,,,,,
1413,RHOV (White + Pink),,,,5/14,y,,,,,,,,,
1414,RHOV (White + Pink),,,,5/14,y,,,,,,,,,
1415,HEAR,,,,5/6,N,,,,,,,,,
1416,HEAR,,,,5/6,Y,,,,,,,,,
1417,HEAR,,,,5/6,Y,,,,,,,,,
1418,ADFA (Orange + Green),,,,5/14,Y,,,,,,,,,
1419,SAAP (White + Green),,,,5/14,Y,,,,,,,,,
1420,HEAR,,,,5/6,N,gopher,,,,,,,,
1421,HEAR,,,,5/6,Y,,,,,,,,,
1422,HEAR,,,,5/7,Y,,,,,,,,,
1423,HEAR,,,,5/7,Y,,,,,,,,,
1424,HEAR,,,,5/6,N,,,,,,,,,
1425,HEAR,,,,5/6,Y,,,,,,,,,
1426,HEAR,,,,5/7,NP,,,,,,,,,
1427,HEAR,,,,5/7,Y,,,,,,,,,
1428,HEAR,,,,5/7,Y,,,,,,,,,
1429,HEAR,,,,5/7,Y,,,,,,,,,
1430,HEAR,,,,5/7,N,,,,,,,,,
1431,HEAR,,,,5/7,Y,,,,,,,,,
1432,HEAR,,,,5/8,Y,,,,,,,,,
1433,HEAR,,,,,,,,,,,,,,
1434,HEAR,,,,5/7,N,,,,,,,,,
1435,HEAR,,,,5/8,Y,,,,,,,,,
1436,HEAR,,,,,,,,,,,,,,
1437,HEAR,,,,5/7,Y,,,,,,,,,
1438,HEAR,,,,5/14,NP,,,,,,,,,
1439,HEAR,,,,5/14,Y,,,,,,,,,
1440,HEAR,,,,5/6,Y,,,,,,,,,
1441,HEAR,,,,,,,,,,,,,,
1442,HEAR,,,,5/7,NP,,,,,,,,,
1443,HEAR,,,,5/8,NP,,,,,,,,,
1444,HEAR,,,,5/8,Y,,,,,,,,,
1445,HEAR,,,,5/6,Y,,,,,,,,,
1446,HEAR,,,,5/7,Y,,,,,,,,,
1447,HEAR,,,,5/7,Y,,,,,,,,,
1448,HEAR,,,,5/7,Y,,,,,,,,,
1449,HEAR,,,,5/7,NP,,,,,,,,,
1450,HEAR,,,,5/7,Y,,,,,,,,,
1451,HEAR,,,,5/7,NP,GOPHER,,,,,,,,
1452,HEAR,,,,5/14,NP,GOPHER,,,,,,,,
1453,HEAR,,,,5/7,Y,,,,,,,,,
1454,HEAR,,,,5/6,Y,,,,,,,,,
1455,HEAR,,,,5/6,Y,,,,,,,,,
1456,HEAR,,,,5/6,Y,,,,,,,,,
1457,HEAR,,,,5/7,Y,,,,,,,,,
1458,HEAR,,,,5/8,Y,,,,,,,,,
1459,HEAR,,,,5/7,Y,,,,,,,,,
1460,HEAR,,,,5/7,Y,,,,,,,,,
1461,HEAR,,,,5/7,Y,,,,,,,,,
1462,ADFA,,,,5/7,Y,,,,,,,,,
1463,ADFA,,,,5/7,Y,,,,,,,,,
1464,ADFA,,,,5/14,Y,,,,,,,,,
1465,ADFA,,,,5/7,Y,,,,,,,,,
1466,ADFA,,,,5/7,Y,,,,,,,,,
1467,ADFA,,,,5/7,Y,,,,,,,,,
1468,ADFA,,,,5/6,Y,,,,,,,,,
1469,ADFA,,,,5/7,Y,,,,,,,,,
1470,ADFA,,,,5/7,Y,,,,,,,,,
1471,ADFA,,,,5/6,Y,,,,,,,,,
1472,ADFA,,,,5/6,Y,,,,,,,,,
1473,ADFA,,,,5/6,Y,,,,,,,,,
1474,ADFA,,,,5/6,Y,,,,,,,,,
1475,ADFA,,,,5/6,Y,,,,,,,,,
1476,ADFA,,,,5/6,Y,,,,,,,,,
1477,ADFA,,,,5/7,Y,,,,,,,,,
1478,HEAR,,,,5/13,Y,,,,,,,,,
1479,SANI,,,,5/6,Y,,,,,,,,,
1480,HEAR,,,,5/8,Y,,,,,,,,,
1481,HEAR,,,,5/22,N,,,,,,,,,
1482,HEAR,,,,5/15,Y,,,,,,,,,
1483,HEAR,,,,5/15,Y,,,,,,,,,
1484,HEAR,,,,5/15,Y,,,,,,,,,
1485,HEAR,,,,5/8,Y,,,,,,,,,
1486,HEAR,,,,5/7,Y,,,,,,,,,
1487,HEAR,,,,5/6,NP,,,,,,,,,
1488,HEAR,,,,5/7,N,,,,,,,,,
1489,HEAR,,,,,,,,,,,,,,
1490,HEAR,,,,,,,,,,,,,,
1491,HEAR,,,,5/7,NP,,,,,,,,,
1492,HEAR,,,,5/7,Y,,,,,,,,,
1493,HEAR,,,,5/6,Y,GOPHER ACTIVITY,,,,,,,,
1494,HEAR,,,,5/6,Y,,,,,,,,,
1495,HEAR,,,,5/7,y,,,,,,,,,
1496,HEAR,,,,5/6,Y,,,,,,,,,
1497,HEAR,,,,5/7,NP,,,,,,,,,
1498,HEAR,,,,5/6,N,,,,,,,,,
1499,HEAR,,,,5/7,NP,,,,,,,,,
1500,HEAR,,,,5/7,Y,,,,,,,,,
1501,SAME,,,,,,,,,,,,,,
1502,SANI,,,,5/6,Y,,,,,,,,,
1503,SAME,,,,5/6,Y,,,,,,,,,
1504,SAME,,,,5/6,Y,,,,,,,,,
1505,SANI,,,,5/6,Y,,,,,,,,,
1506,SANI,,,,5/6,Y,,,,,,,,,
1507,HEAR,,,,5/6,Y,,,,,,,,,
1508,HEAR,,,,5/7,Y,,,,,,,,,
1509,HEAR,,,,5/6,NP,,,,,,,,,
1510,HEAR,,,,5/22,Y,,,,,,,,,
1511,HEAR,,,,5/7,Y,,,,,,,,,
1512,HEAR,,,,5/8,NP,,,,,,,,,
1513,HEAR,,,,5/7,Y,,,,,,,,,
1514,HEAR,,,,5/13,Y,,,,,,,,,
1515,HEAR,,,,5/7,Y,,,,,,,,,
1516,SAME (Orange + Pink),,,,,,,,,,,,,,
1517,SAME,,,,5/13,Y,,,,,,,,,
1518,HEAR,,,,5/8,Y,,,,,,,,,
1519,HEAR,,,,5/6,Y,,,,,,,,,
1520,HEAR,,,,5/6,Y,,,,,,,,,
1521,HEAR,,,,,,,,,,,,,,
1522,HEAR,,,,5/8,NP,,,,,,,,,
1523,HEAR,,,,5/13,Y,,,,,,,,,
1524,HEAR,,,,5/13,Y,,,,,,,,,
1525,HEAR,,,,5/8,Y,,,,,,,,,
1526,HEAR,,,,,,,,,,,,,,
1527,HEAR,,,,5/8,Y,,,,,,,,,
1528,HEAR,,,,5/13,Y,,,,,,,,,
1529,HEAR,,,,5/13,N,,,,,,,,,
1530,HEAR,,,,5/14,Y,,,,,,,,,
1531,SANI,,,,5/7,Y,,,,,,,,,
1532,SAME,,,,5/7,Y,,,,,,,,,
1533,SANI ,,,,5/6,Y,,,,,,,,,
1534,SANI,,,,5/7,Y,,,,,,,,,
1535,HEAR,,,,5/14,NP,,,,,,,,,
1536,HEAR,,,,5/14,NP,,,,,,,,,
1537,HEAR,,,,5/14,Y,,,,,,,,,
1538,HEAR,,,,5/13,Y,GOPHER,,,,,,,,
1539,HEAR,,,,5/14,Y,,,,,,,,,
1540,SANI,,,,5/7,Y,,,,,,,,,
1541,SANI,,,,5/8,Y,,,,,,,,,
1542,SAME,,,,5/7,Y,,,,,,,,,
1543,SAME,,,,5/6,Y,,,,,,,,,
1544,SANI,,,,5/7,Y,,,,,,,,,
1545,SAME,,,,5/6,Y,,,,,,,,,
1546,SAME,,,,5/6,Y,,,,,,,,,
1547,SANI,,,,5/7,Y,,,,,,,,,
1548,SANI,,,,5/6,Y,,,,,,,,,
1549,SAME,,,,5/6,Y,,,,,,,,,
1550,SANI,,,,5/22,Y,,,,,,,,,
1551,SANI,,,,5/6,Y,,,,,,,,,
1552,SANI,,,,5/8,Y,,,,,,,,,
1553,SANI,,,,5/8,Y,,,,,,,,,
1554,SAME,,,,5/8,Y,,,,,,,,,
1555,SAME,,,,5/8,Y,,,,,,,,,
1556,SAME,,,,5/13,NP,,,,,,,,,
1557,SANI,,,,5/13,Y,,,,,,,,,
1558,SAME,,,,5/13,Y,,,,,,,,,
1559,SANI,,,,5/13,Y,,,,,,,,,
1560,SANI,,,,5/13,Y,,,,,,,,,
1561,SANI,,,,5/13,Y,,,,,,,,,
1562,SAME,,,,5/13,Y,,,,,,,,,
1563,SANI,,,,5/13,NP,,,,,,,,,
1564,SANI,,,,5/14,NP,,,,,,,,,
1565,SAME,,,,5/14,NP,,,,,,,,,
1566,SANI,,,,5/14,NP,,,,,,,,,
1567,SAME,,,,5/14,Y,,,,,,,,,
1568,SANI,,,,5/14,Y,,,,,,,,,
1569,SANI,,,,5/14,Y,,,,,,,,,
1570,SAME,,,,5/7,Y,,,,,,,,,
1571,SANI,,,,5/14,Y,,,,,,,,,
1572,SAME,,,,5/13,N,,,,,,,,,
1573,SANI,,,,5/13,NP,,,,,,,,,
1574,SANI,,,,5/6,Y,,,,,,,,,
1575,SAME,,,,5/7,Y,,,,,,,,,
1576,SANI,,,,5/22,Y,,,,,,,,,
1577,SANI,,,,5/7,Y,,,,,,,,,
1578,SANI,,,,5/7,NP,,,,,,,,,
1579,SANI,,,,5/7,Y,,,,,,,,,
1580,SAME,,,,5/7,Y,,,,,,,,,
1581,SANI,,,,5/7,Y,,,,,,,,,
1582,SAME,,,,5/22,Y,,,,,,,,,
1583,SAME,,,,5/6,Y,,,,,,,,,
1584,SAME,,,,5/6,Y,,,,,,,,,
1585,SANI,,,,5/6,Y,,,,,,,,,
1586,SANI,,,,5/6,Y,,,,,,,,,
1587,SANI,,,,5/6,Y,,,,,,,,,
1588,SAME,,,,5/14,Y,,,,,,,,,
1589,SANI,,,,5/8,Y,,,,,,,,,
1590,HEAR,,,,5/15,Y,,,,,,,,,
1591,HEAR,,,,5/15,NP,,,,,,,,,
1592,HEAR,,,,5/8,Y,5/15 np,,,,,,,,
1593,HEAR,,,,5/15,Y,,,,,,,,,
1594,SANI,,,,5/7,Y,,,,,,,,,
1595,SAME,,,,5/7,Y,,,,,,,,,
1596,SAME,,,,5/8,Y,,,,,,,,,
1597,SANI,,,,5/8,NP,,,,,,,,,
1598,SAME,,,,5/8,Y,,,,,,,,,
1599,SANI,,,,5/7,Y,,,,,,,,,
1600,SANI,,,,5/6,Y,,,,,,,,,
1601,SAME,,,,5/22,Y,,,,,,,,,
1602,SANI,,,,5/15,Y,,,,,,,,,
1603,SANI,,,,5/8,NP,,,,,,,,,
1604,SAME,,,,5/6,Y,,,,,,,,,
1605,HEAR,,,,5/15,Y,,,,,,,,,
1606,SAME,,,,5/8,Y,,,,,,,,,
1607,SANI,,,,5/7,Y,,,,,,,,,
1608,SAME,,,,5/7,Y,,,,,,,,,
1609,SANI,,,,5/8,Y,,,,,,,,,
1610,SAME,,,,5/8,Y,,,,,,,,,
1611,SANI,,,,5/8,Y,,,,,,,,,
1612,SAME,,,,5/7,Y,,,,,,,,,
1613,SANI,,,,5/8,Y,,,,,,,,,
1614,ADFA,,,,5/14,Y,,,,,,,,,
1615,SAME,,,,5/6,Y,,,,,,,,,
1616,SANI,,,,5/6,N,,,,,,,,,
1617,ADFA,,,,5/14,Y,,,,,,,,,
1618,HEAR,,,,5/15,Y,,,,,,,,,
1619,SANI,,,,5/6,NP,,,,,,,,,
1620,ADFA,,,,5/14,Y,,,,,,,,,
1621,ADFA,,,,5/13,Y,,,,,,,,,
1622,ADFA,,,,5/14,Y,,,,,,,,,
1623,ADFA,,,,5/14,Y,,,,,,,,,
1624,ADFA,,,,5/13,Y,,,,,,,,,
1625,ADFA,,,,5/13,Y,,,,,,,,,
1626,ADFA,,,,,,,,,,,,,,
1627,ADFA,,,,5/7,Y,,,,,,,,,
1628,ADFA,,,,5/6,Y,,,,,,,,,
1629,HEAR,,,,5/7,Y,,,,,,,,,
1630,ADFA,,,,5/7,Y,,,,,,,,,
1631,ADFA,,,,5/7,Y,,,,,,,,,
1632,ADFA,,,,5/8,Y,,,,,,,,,
1633,ADFA,,,,5/8,Y,,,,,,,,,
1634,HEAR,,,,5/6,Y,,,,,,,,,
1635,ADFA,,,,5/6,Y,FLOWERING,,,,,,,,
1636,ADFA,,,,,,,,,,,,,,
1637,ADFA,,,,5/6,N,,,,,,,,,
1638,HEAR,,,,5/15,Y,,,,,,,,,
1639,ADFA,,,,5/15,Y,,,,,,,,,
1640,SANI,,,,5/14,Y,,,,,,,,,
1641,ADFA,,,,5/15,Y,,,,,,,,,
1642,HEAR,,,,5/22,N,DEAD MATERIAL,,,,,,,,
1643,HEAR,,,,5/15,Y,,,,,,,,,
1644,ADFA,,,,5/7,Y,,,,,,,,,
1645,ADFA,,,,5/7,y,,,,,,,,,
1646,ADFA,,,,5/8,Y,,,,,,,,,
1647,SAME,,,,5/8,Y,,,,,,,,,
1648,SANI,,,,5/14,Y,,,,,,,,,
1649,SAME,,,,5/14,Y,,,,,,,,,
1650,SANI,,,,5/14,Y,,,,,,,,,
1651,SAME,,,,5/8,Y,,,,,,,,,
1652,SANI,,,,5/7,NP,,,,,,,,,
1653,SAME,,,,5/7,Y,,,,,,,,,
1654,SANI,,,,5/8,Y,,,,,,,,,
1655,SAME,,,,5/15,Y,,,,,,,,,
1656,SAME,,,,5/6,Y,,,,,,,,,
1657,SANI,,,,5/6,Y,,,,,,,,,
1658,SANI,,,,5/22,Y,,,,,,,,,
1659,SAME,,,,5/6,Y,,,,,,,,,
1660,SAME,,,,,,,,,,,,,,
1661,SAME,,,,5/8,Y,,,,,,,,,
1662,SAME,,,,5/7,Y,,,,,,,,,
1663,SANI,,,,5/7,Y,,,,,,,,,
1664,SANI,,,,5/15,Y,,,,,,,,,
1665,SANI,,,,5/6,Y,,,,,,,,,
1666,SAME,,,,5/6,Y,,,,,,,,,
,,,,,,,,,,,,,,,
,,,,,,,,,,,,,,,
,,,,,,,,,,,,,,,
,,,,,,,,,,,,,,,
,,,,,,,,,,,,,,,
,,,,,,,,,,,,,,,
,,,,,,,,,,,,,,,
,,,,,,,,,,,,,,,
,,,,,,,,,,,,,,,
,,,,,,,,,,,,,,,
,,,,,,,,,,,,,,,
,,,,,,,,,,,,,,,
,,,,,,,,,,,,,,,
,,,,,,,,,,,,,,,
,,,,,,,,,,,,,,,
,,,,,,,,,,,,,,,
,,,,,,,,,,,,,,,
,,,,,,,,,,,,,,,
,,,,,,,,,,,,,,,
,,,,,,,,,,,,,,,
,,,,,,,,,,,,,,,
,,,,,,,,,,,,,,,
,,,,,,,,,,,,,,,
,,,,,,,,,,,,,,,
,,,,,,,,,,,,,,,
,,,,,,,,,,,,,,,
,,,,,,,,,,,,,,,
,,,,,,,,,,,,,,,
,,,,,,,,,,,,,,,
,,,,,,,,,,,,,,,
,,,,,,,,,,,,,,,
,,,,,,,,,,,,,,,
,,,,,,,,,,,,,,,
,,,,,,,,,,,,,,,
,,,,,,,,,,,,,,,
,,,,,,,,,,,,,,,
,,,,,,,,,,,,,,,
,,,,,,,,,,,,,,,
,,,,,,,,,,,,,,,
,,,,,,,,,,,,,,,
,,,,,,,,,,,,,,,
,,,,,,,,,,,,,,,
,,,,,,,,,,,,,,,
,,,,,,,,,,,,,,,
,,,,,,,,,,,,,,,
,,,,,,,,,,,,,,,
