ID,Plant,Watering 1 Date,Alive,Notes,Watering 2 Date,Alive,Notes,Watering 3 Date,Alive,Notes,Watering 4 Date,Alive,Notes
1,ENCA (Pink),11-Feb,Y,,6-May,y,,,,,,,
2,CEOL (Orange),11-Feb,Y,,6-May,y,,,,,,,
3,ENCA (Pink),11-Feb,Y,,6-May,y,,,,,,,
4,ENCA (Pink),11-Feb,Y,,6-May,y,,,,,,,
5,CEOL (Orange),11-Feb,Y,,6-May,y,,,,,,,
6,HEWH (White),11-Feb,Y,,6-May,y,,,,,,,
7,SAME (Orange + Pink),,,,6-May,y,,,,,,,
8,SANI (Orange + Yellow),,,,7-May,y,,,,,,,
9,SANI (Orange + Yellow) CEOL,,,,7-May,y,,,,,,,
10,RHOV (White + Pink),11-Feb,Y,,6-May,y,,,,,,,
11,SANI (Orange + Yellow),,,,6-May,y,,,,,,,
12,CEOL (Orange),11-Feb,Y,,6-May,y,,,,,,,
13,HEWH (White),11-Feb,Y,,6-May,y,,,,,,,
14,HEWH (White),11-Feb,Y,,6-May,y,,,,,,,
15,CEOL (Orange),11-Feb,Y,,6-May,y,,,,,,,
16,SANI (Orange + Yellow),,,,6-May,y,,,,,,,
17,SAAP (White + Green),,,,6-May,y,,,,,,,
18,SAME (Orange + Pink),,,,6-May,y,,,,,,,
19,ENCA (Pink),11-Feb,Y,,6-May,y,,,,,,,
20,MALA (White + Yellow),,,,6-May,y,,,,,,,
21,SAAP (White + Green),,,,6-May,y,,,,,,,
22,CEOL (Orange),11-Feb,N,,6-May,y,,,,,,,
23,ENCA (Pink),11-Feb,Y,,6-May,y,,,,,,,
24,HEWH (White),11-Feb,Y,sad,6-May,y,,,,,,,
25,CEOL (Orange),11-Feb,Y,sad,6-May,n,,,,,,,
26,ENCA (Pink),11-Feb,Y,,6-May,y,,,,,,,
27,SAME (Orange + Pink),,,,6-May,y,,,,,,,
28,SAME (Orange + Pink),,,,7-May,y,,,,,,,
29,SANI (Orange + Yellow),,,,7-May,np,,,,,,,
30,SAME (Orange + Pink),,,,7-May,y,,,,,,,
31,CEOL (Orange),,,,7-May,y,,,,,,,
32,SANI  MALA,,,,7-May,y,,,,,,,
33,MALA (White + Yellow),,,,7-May,np,,,,,,,
34,ADFA (Orange + Green),11-Feb,Y,,7-May,y,,,,,,,
35,ADFA (Orange + Green),11-Feb,Y,,7-May,y,,,,,,,
36,SAME (Orange + Pink),,,,,,,,,,,,
37,MALA (White + Yellow),,,,7-May,y,,,,,,,
38,HEWH (White),11-Feb,?,strugglin,7-May,y,,,,,,,
39,CEOL (Orange),,,,7-May,np,,,,,,,
40,CEOL (Orange),11-Feb,Y,,7-May,n,,,,,,,
41,CEOL (Orange),11-Feb,Y,,7-May,y,,,,,,,
42,HEWH (White),11-Feb,Y,,7-May,y,,,,,,,
43,ENCA (Pink),11-Feb,?,"struggling, brown",7-May,y,,,,,,,
44,ENCA (Pink),11-Feb,Y,,7-May,y,,,,,,,
45,ENCA (Pink),11-Feb,Y,,7-May,y,,,,,,,
46,HEWH (White),11-Feb,Y,struggling,7-May,y,,,,,,,
47,SAME (Orange + Pink),,,,7-May,y,,,,,,,
48,RHOV (White + Pink),11-Feb,Y,,7-May,y,,,,,,,
49,HEWH (White),11-Feb,Y,,7-May,y,,,,,,,
50,RHOV (White + Pink),11-Feb,Y,,7-May,y,,,,,,,
51,SAAP (White + Green),,,,7-May,y,,,,,,,
52,HEWH (White),11-Feb,Y,,7-May,y,,,,,,,
53,ADFA (Orange + Green),11-Feb,Y,,7-May,y,,,,,,,
54,CEOL (Orange),11-Feb,Y,,7-May,y,,,,,,,
55,HEWH (White),11-Feb,Y,cloth not on properly,7-May,np,,,,,,,
56,HEWH (White),11-Feb,Y,,6-May,np,,,,,,,
57,ENCA (Pink),11-Feb,Y,,7-May,y,,,,,,,
58,CEOL (Orange),11-Feb,Y,,7-May,y,,,,,,,
59,MALA (White + Yellow),,,,7-May,np,,,,,,,
60,SAAP (White + Green),,,,7-May,n,,,,,,,
61,ENCA (Pink),11-Feb,Y,,7-May,n,,,,,,,
62,HEWH (White),11-Feb,Y,,7-May,y,,,,,,,
63,HEWH (White),11-Feb,N,no plant,7-May,np,,,,,,,
64,SANI (Orange + Yellow),,,,7-May,y,,,,,,,
65,CEOL (Orange),11-Feb,Y,,7-May,np,,,,,,,
66,ENCA (Pink),11-Feb,Y,,7-May,np,,,,,,,
67,CEOL (Orange),11-Feb,Y,,,,,,,,,,
68,HEWH (White),11-Feb,Y,,7-May,y,,,,,,,
69,HEWH (White),11-Feb,Y,,7-May,y,,,,,,,
70,HEWH (White),11-Feb,?,struggling,7-May,np,,,,,,,
71,SAME (Orange + Pink),,,,7-May,np,,,,,,,
72,MALA (White + Yellow),,,,7-May,y,,,,,,,
73,CEOL (Orange),11-Feb,N,,7-May,np,,,,,,,
74,HEWH (White),11-Feb,Y,,7-May,y,,,,,,,
75,RHOV (White + Pink),11-Feb,Y,,7-May,np,gopher,,,,,,
76,HEWH (White),11-Feb,Y,,7-May,y,,,,,,,
77,RHOV (White + Pink),11-Feb,Y,,7-May,y,,,,,,,
78,ENCA (Pink),11-Feb,Y,,7-May,y,flower,,,,,,
79,SAAP (White + Green),,,,7-May,y,,,,,,,
80,MALA (White + Yellow),,,,7-May,y,,,,,,,
81,SAAP (White + Green),,,,7-May,y,,,,,,,
82,CEOL (Orange),,,,7-May,y,,,,,,,
83,SAAP (White + Green),,,,7-May,y,,,,,,,
84,RHOV (White + Pink),11-Feb,Y,,7-May,y,,,,,,,
85,CEOL (Orange),11-Feb,Y,,7-May,y,,,,,,,
86,CEOL (Orange),,,,7-May,y,,,,,,,
87,ENCA (Pink),11-Feb,Y,,7-May,y,,,,,,,
88,SAAP (White + Green),,,,7-May,y,,,,,,,
89,ENCA (Pink),11-Feb,Y,,7-May,np,,,,,,,
90,ADFA (Orange + Green),11-Feb,Y,,7-May,y,,,,,,,
91,RHOV (White + Pink),11-Feb,Y,,7-May,y,,,,,,,
92,ENCA (Pink),11-Feb,Y,,7-May,y,,,,,,,
93,HEWH (White),11-Feb,Y,not cut properly,7-May,y,,,,,,,
94,SAME (Orange + Pink),,,,7-May,y,,,,,,,
95,HEWH (White),11-Feb,Y,,7-May,np,,,,,,,
96,SANI (Orange + Yellow),,,,7-May,y,,,,,,,
97,SAAP (White + Green),,,,7-May,y,,,,,,,
98,SANI (Orange + Yellow),,,,7-May,np,,,,,,,
99,CEOL (Orange),11-Feb,Y,struggling,7-May,y,,,,,,,
100,SAAP (White + Green),,,,7-May,y,,,,,,,
101,ENCA (Pink),11-Feb,Y,,6-May,y,,,,,,,
102,SAME (Orange + Pink),,,,6-May,n,,,,,,,
103,ENCA (Pink),11-Feb,N,,6-May,y,,,,,,,
104,ADFA (Orange + Green),11-Feb,Y,sad,6-May,y,,,,,,,
105,MALA (White + Yellow),,,,6-May,y,,,,,,,
106,RHOV (White + Pink),11-Feb,Y,,6-May,y,,,,,,,
107,MALA (White + Yellow),,,,6-May,n,,,,,,,
108,ENCA (Pink),11-Feb,Y,erosion on top of plant,6-May,y,,,,,,,
109,RHOV (White + Pink),11-Feb,Y,erosion,6-May,y,,,,,,,
110,RHOV (White + Pink),11-Feb,Y,,6-May,y,,,,,,,
111,SAAP (White + Green),,,,6-May,y,,,,,,,
112,HEWH (White),11-Feb,Y,,6-May,y,,,,,,,
113,ADFA (Orange + Green),11-Feb,Y,,6-May,n,,,,,,,
114,CEOL (Orange),11-Feb,Y,,6-May,y,,,,,,,
115,CEOL (Orange),11-Feb,Y,,6-May,y,,,,,,,
116,ENCA (Pink),11-Feb,Y,,6-May,y,,,,,,,
117,SAME (Orange + Pink),,,,6-May,y,,,,,,,
118,SAAP (White + Green),,,,6-May,y,,,,,,,
119,HEWH (White),11-Feb,Y,,6-May,n,,,,,,,
120,ENCA (Pink),11-Feb,Y,,6-May,y,,,,,,,
121,SAME (Orange + Pink),,,,6-May,y,,,,,,,
122,CEOL (Orange),,,,6-May,y,,,,,,,
123,SAME (Orange + Pink),,,,6-May,n,,,,,,,
124,RHOV (White + Pink),11-Feb,Y,,6-May,y,,,,,,,
125,CEOL (Orange),11-Feb,Y,,6-May,n,,,,,,,
126,SANI (Orange + Yellow),,,,6-May,n,,,,,,,
127,CEOL (Orange),11-Feb,N,"no plant, gopher",6-May,y,,,,,,,
128,ENCA (Pink),11-Feb,Y,sad,6-May,n,,,,,,,
129,ENCA (Pink),11-Feb,Y,sad,6-May,y,,,,,,,
130,RHOV (White + Pink),11-Feb,Y,,6-May,y,,,,,,,
131,MALA (White + Yellow),,,,6-May,y,,,,,,,
132,RHOV (White + Pink),11-Feb,Y,,6-May,y,MAFA volunteer in plot,,,,,,
133,HEWH (White),11-Feb,Y,,6-May,y,,,,,,,
134,ENCA (Pink),11-Feb,Y,,6-May,y,,,,,,,
135,SAAP (White + Green),,,,6-May,y,,,,,,,
136,ENCA (Pink),11-Feb,Y,,6-May,y,,,,,,,
137,SAAP (White + Green),,,,6-May,y,,,,,,,
138,ADFA (Orange + Green),11-Feb,Y,sad,6-May,n,,,,,,,
139,ADFA (Orange + Green),11-Feb,Y,sad,6-May,y,,,,,,,
140,SANI (Orange + Yellow),,,,6-May,y,,,,,,,
141,HEWH (White),11-Feb,Y,,6-May,y,,,,,,,
142,RHOV (White + Pink),11-Feb,Y,,6-May,y,,,,,,,
143,ENCA (Pink),11-Feb,Y,,6-May,n,,,,,,,
144,HEWH (White),11-Feb,Y,,6-May,n,,,,,,,
145,CEOL (Orange),,,,6-May,n,,,,,,,
146,CEOL (Orange),,,,6-May,n,gopher,,,,,,
147,RHOV (White + Pink),11-Feb,Y,,6-May,y,,,,,,,
148,MALA (White + Yellow),,,,6-May,n,,,,,,,
149,ENCA (Pink),11-Feb,Y,,6-May,y,,,,,,,
150,MALA (White + Yellow),,,,6-May,n,,,,,,,
151,ENCA (Pink),11-Feb,Y,,6-May,n,,,,,,,
152,CEOL (Orange),11-Feb,Y,,6-May,y,,,,,,,
153,ENCA (Pink),11-Feb,Y,,6-May,y,,,,,,,
154,SANI (Orange + Yellow),,,,6-May,n,gopher,,,,,,
155,SAAP (White + Green),,,,6-May,y,,,,,,,
156,HEAR,,,,6-May,y,,,,,,,
157,CEOL (Orange),,,,6-May,n,,,,,,,
158,SAAP (White + Green),,,,6-May,n,,,,,,,
159,ENCA (Pink),11-Feb,Y,,6-May,n,,,,,,,
160,HEWH (White),,,,6-May,y,,,,,,,
161,MALA (White + Yellow),,,,6-May,y,,,,,,,
162,HEWH (White),,,,6-May,y,,,,,,,
163,ADFA (Orange + Green),11-Feb,Y,,6-May,y,,,,,,,
164,HEWH (White),11-Feb,N,,6-May,y,,,,,,,
165,SANI (Orange + Yellow),,,,6-May,y,,,,,,,
166,SAME (Orange + Pink),,,,6-May,y,,,,,,,
167,HEWH (White),11-Feb,Y,,6-May,y,,,,,,,
168,RHOV (White + Pink),11-Feb,Y,,6-May,y,,,,,,,
169,HEWH (White),11-Feb,Y,,7-May,y,,,,,,,
170,CEOL (Orange),,,,6-May,y,,,,,,,
171,RHOV (White + Pink),11-Feb,Y,,6-May,y,,,,,,,
172,HEWH (White),11-Feb,N,gopher,7-May,np,,,,,,,
173,SAME (Orange + Pink),,,,7-May,np,,,,,,,
174,ADFA (Orange + Green),11-Feb,Y,,6-May,y,,,,,,,
175,HEWH (White),11-Feb,Y,was buried,7-May,n,,,,,,,
176,HEWH (White),13-Feb,N,,7-May,y,,,,,,,
177,HEWH (White),11-Feb,Y,,6-May,y,,,,,,,
178,CEOL (Orange),11-Feb,Y,,7-May,y,,,,,,,
179,SANI (Orange + Yellow),,,,7-May,np,,,,,,,
180,RHOV (White + Pink),11-Feb,Y,erosion,6-May,y,,,,,,,
181,HEWH (White),11-Feb,Y,,7-May,y,,,,,,,
182,HEWH (White),13-Feb,Y,,7-May,y,,,,,,,
183,ADFA (Orange + Green),11-Feb,Y,,6-May,y,,,,,,,
184,RHOV (White + Pink),11-Feb,Y,,7-May,y,,,,,,,
185,ENCA (Pink),11-Feb,Y,"crossed out ENCA, made it RHOV",7-May,y,,,,,,,
186,HEWH (White),11-Feb,Y,,7-May,np,,,,,,,
187,HEWH (White),11-Feb,Y,,7-May,y,,,,,,,
188,HEWH (White),13-Feb,Y,,7-May,y,,,,,,,
189,CEOL (Orange),13-Feb,Y,,7-May,np,,,,,,,
190,CEOL (Orange),13-Feb,Y,,7-May,y,,,,,,,
191,ADFA (Orange + Green),13-Feb,Y,,7-May,n,,,,,,,
192,SANI (Orange + Yellow),,,,7-May,y,,,,,,,
193,ENCA (Pink),13-Feb,Y,,7-May,np,,,,,,,
194,SANI (Orange + Yellow),,,,7-May,y,,,,,,,
195,HEWH (White),13-Feb,Y,,7-May,y,,,,,,,
196,HEWH (White),13-Feb,Y,,7-May,np,,,,,,,
197,HEWH (White),13-Feb,Y,,7-May,np,buried,,,,,,
198,ENCA (Pink),13-Feb,N,,7-May,np,,,,,,,
199,HEWH (White),11-Feb,Y,,7-May,y,,,,,,,
200,HEWH (White),11-Feb,Y,,7-May,y,,,,,,,
201,SAAP (White + Green),,,,7-May,y,,,,,,,
202,ENCA (Pink),11-Feb,Y,wilted,8-May,n,,,,,,,
203,ADFA (Orange + Green),11-Feb,Y,,8-May,y,,,,,,,
204,HEWH (White),11-Feb,Y,,7-May,y,,,,,,,
205,CEOL (Orange),11-Feb,Y,,7-May,y,,,,,,,
206,SAAP (White + Green),,,,7-May,y,,,,,,,
207,ENCA (Pink),11-Feb,Y,,7-May,np,,,,,,,
208,SAAP (White + Green),,,,7-May,y,,,,,,,
209,HEWH (White),13-Feb,Y,,8-May,y,,,,,,,
210,ADFA (Orange + Green),11-Feb,Y,,7-May,y,,,,,,,
211,HEWH (White),13-Feb,Y,,8-May,y,,,,,,,
212,CEOL (Orange),11-Feb,Y,,8-May,n,,,,,,,
213,SANI (Orange + Yellow),,,,8-May,np,,,,,,,
214,RHOV (White + Pink),11-Feb,Y,,8-May,np,,,,,,,
215,CEOL (Orange),11-Feb,Y,,8-May,y,,,,,,,
216,RHOV (White + Pink),11-Feb,Y,,8-May,y,,,,,,,
217,CEOL (Orange),11-Feb,Y,,7-May,np,,,,,,,
218,HEWH (White),11-Feb,Y,,7-May,y,,,,,,,
219,RHOV (White + Pink),11-Feb,N,"no plant, gopher",7-May,y,,,,,,,
220,ENCA (Pink),11-Feb,Y,,7-May,y,,,,,,,
221,RHOV (White + Pink),11-Feb,Y,,8-May,y,,,,,,,
222,SAAP (White + Green),,,,8-May,n,,,,,,,
223,SAME (Orange + Pink),,,,8-May,n,,,,,,,
224,CEOL (Orange),11-Feb,Y,,8-May,np,,,,,,,
225,HEWH (White),13-Feb,Y,,7-May,y,gopher,,,,,,
226,ENCA (Pink),11-Feb,N,no plant,8-May,np,,,,,,,
227,SAAP (White + Green),,,,7-May,y,,,,,,,
228,CEOL (Orange),11-Feb,Y,,7-May,y,,,,,,,
229,SAME (Orange + Pink),,,,8-May,y,,,,,,,
230,ADFA (Orange + Green),13-Feb,Y,,7-May,n,,,,,,,
231,SAME (Orange + Pink),,,,8-May,np,,,,,,,
232,RHOV (White + Pink),11-Feb,N,no plant,8-May,np,,,,,,,
233,HEAR,,,,8-May,y,,,,,,,
234,MALA (White + Yellow),,,,7-May,np,,,,,,,
235,SAME (Orange + Pink),,,,7-May,y,,,,,,,
236,HEWH (White),11-Feb,Y,wilted/strugglin,7-May,y,,,,,,,
237,CEOL (Orange),11-Feb,Y,,7-May,y,,,,,,,
238,MALA (White + Yellow),,Y,,7-May,np,,,,,,,
239,HEWH (White),13-Feb,Y,wilted/strugglin,7-May,np,,,,,,,
240,ENCA (Pink),11-Feb,N,no leaves,8-May,y,,,,,,,
241,RHOV (White + Pink),13-Feb,Y,,7-May,y,,,,,,,
242,RHOV (White + Pink),,,,7-May,y,,,,,,,
243,RHOV (White + Pink),,,,7-May,y,,,,,,,
244,RHOV (White + Pink),,,,7-May,y,,,,,,,
245,CEOL (Orange),,,,8-May,y,,,,,,,
246,HEWH (White),,,,8-May,y,,,,,,,
247,CEOL (Orange),,,,8-May,np,,,,,,,
248,SAME (Orange + Pink),,,,7-May,np,,,,,,,
249,MALA (White + Yellow),,,,7-May,y,,,,,,,
250,ENCA (Pink),11-Feb,Y,,7-May,y,,,,,,,
251,ENCA (Pink),11-Feb,Y,,7-May,y,,,,,,,
252,CEOL (Orange),11-Feb,Y,,7-May,y,,,,,,,
253,RHOV (White + Pink),,,,7-May,np,,,,,,,
254,SAME (Orange + Pink),,,,7-May,y,,,,,,,
255,HEWH (White),,,,8-May,y,,,,,,,
256,SAME (Orange + Pink),,,,7-May,y,,,,,,,
257,ADFA (Orange + Green),,,,7-May,y,,,,,,,
258,ENCA (Pink),,,,7-May,y,,,,,,,
259,HEWH (White),,,,7-May,y,,,,,,,
260,ADFA (Orange + Green),,,,7-May,y,,,,,,,
261,CEOL (Orange),,,,7-May,y,,,,,,,
262,HEWH (White),,,,7-May,y,,,,,,,
263,SAME (Orange + Pink),,,,7-May,y,,,,,,,
264,CEOL (Orange),,,,7-May,y,,,,,,,
265,ENCA (Pink),,,,7-May,y,,,,,,,
266,HEWH (White),,,,8-May,y,,,,,,,
267,SAAP (White + Green),,,,7-May,y,,,,,,,
268,CEOL (Orange),,,,7-May,n,,,,,,,
269,HEWH (White),,,,7-May,y,,,,,,,
270,HEWH (White),,,,7-May,y,,,,,,,
271,CEOL (Orange),,,,7-May,y,,,,,,,
272,RHOV (White + Pink),,,,7-May,np,,,,,,,
273,SAAP (White + Green),,,,7-May,y,,,,,,,
274,SAAP (White + Green),,,,7-May,y,,,,,,,
275,ENCA (Pink),11-Feb,Y,,7-May,y,,,,,,,
276,CEOL (Orange),,,,7-May,y,,,,,,,
277,ENCA (Pink),,,,7-May,y,,,,,,,
278,ENCA (Pink),,,,7-May,y,,,,,,,
279,SANI (Orange + Yellow),,,,7-May,y,,,,,,,
280,RHOV (White + Pink),11-Feb,Y,"mostly buried, gopher activity",7-May,y,,,,,,,
281,SANI (Orange + Yellow),,,,7-May,y,,,,,,,
282,HEWH (White),11-Feb,Y,,7-May,y,,,,,,,
283,SAAP (White + Green),,,,7-May,y,,,,,,,
284,SANI (Orange + Yellow),,,,7-May,y,,,,,,,
285,ENCA (Pink),,,np,7-May,y,,,,,,,
286,HEWH (White),11-Feb,Y,,7-May,y,,,,,,,
287,MALA (White + Yellow),,,,7-May,y,,,,,,,
288,CEOL (Orange),,,np,7-May,y,,,,,,,
289,RHOV (White + Pink),11-Feb,Y,,8-May,y,,,,,,,
290,CEOL (Orange),,,np,7-May,y,,,,,,,
291,SAME (Orange + Pink),,,,8-May,y,,,,,,,
292,RHOV (White + Pink),,,np,7-May,y,,,,,,,
293,SAME (Orange + Pink),,,,7-May,y,,,,,,,
294,SAAP (White + Green),,,,7-May,np,,,,,,,
295,ENCA (Pink),,,np,7-May,y,,,,,,,
296,HEWH (White),11-Feb,Y,"buried partially, gopher activity",,,,,,,,,
297,MALA (White + Yellow),,,,8-May,y,,,,,,,
298,SAME (Orange + Pink),,,,8-May,y,,,,,,,
299,RHOV (White + Pink),,,,8-May,y,,,,,,,
300,SAAP (White + Green),,,,8-May,y,,,,,,,
301,HEWH (White),,,,7-May,y,,,,,,,
302,SANI (Orange + Yellow),,,,7-May,np,,,,,,,
303,ENCA (Pink),,,,8-May,y,,,,,,,
304,ENCA (Pink),,,,7-May,np,,,,,,,
305,SAAP (White + Green),,,,7-May,np,,,,,,,
306,HEWH (White),,,,8-May,np,,,,,,,
307,ENCA (Pink),,,,7-May,y,,,,,,,
308,SAAP (White + Green),,,,7-May,np,buried,,,,,,
309,CEOL (Orange),,,,7-May,y,,,,,,,
310,CEOL (Orange),,,,7-May,y,,,,,,,
311,ENCA (Pink),,,,7-May,np,gopher,,,,,,
312,CEOL (Orange),,,,7-May,np,,,,,,,
313,CEOL (Orange),,,,7-May,y,,,,,,,
314,SANI (Orange + Yellow),,,,7-May,y,,,,,,,
315,RHOV (White + Pink),,,,7-May,y,,,,,,,
316,HEWH (White),,,,7-May,y,,,,,,,
317,SANI (Orange + Yellow),,,,7-May,y,,,,,,,
318,SAME (Orange + Pink),,,,7-May,y,,,,,,,
319,ENCA (Pink),,,,7-May,y,,,,,,,
320,ADFA (Orange + Green),,,,7-May,y,,,,,,,
321,HEWH (White),,,,7-May,y,,,,,,,
322,ADFA (Orange + Green),,,,7-May,np,,,,,,,
323,HEWH (White),,,,7-May,y,,,,,,,
324,CEOL (Orange),,,,7-May,np,,,,,,,
325,HEWH (White),,,,7-May,n,watered 2x (1 says dead 1 says alive),,,,,,
326,ADFA (Orange + Green),,,,7-May,y,watered 2x,,,,,,
327,ENCA (Pink),,,,7-May,y,,,,,,,
328,RHOV (White + Pink),,,,7-May,y,,,,,,,
329,ENCA (Pink),,,,7-May,np,,,,,,,
330,ENCA (Pink),,,,7-May,y,,,,,,,
331,CEOL (Orange),,,np,7-May,np,gopher,,,,,,
332,RHOV (White + Pink),11-Feb,Y,,7-May,y,,,,,,,
333,CEOL (Orange),,,np,7-May,y,,,,,,,
334,CEOL (Orange),,,np,8-May,y,,,,,,,
335,SAAP (White + Green),,,,7-May,np,,,,,,,
336,ENCA (Pink),,,,7-May,y,,,,,,,
337,ENCA (Pink),,,np,7-May,y,,,,,,,
338,CEOL (Orange),,,np,7-May,y,,,,,,,
339,ENCA (Pink),11-Feb,Y,,7-May,y,,,,,,,
340,ADFA (Orange + Green),,,,7-May,np,,,,,,,
341,SAAP (White + Green),,,,7-May,y,,,,,,,
342,ENCA (Pink),11-Feb,Y,wilty,7-May,y,,,,,,,
343,SAAP (White + Green),,,,7-May,y,,,,,,,
344,CEOL (Orange),,,np,8-May,y,,,,,,,
345,ADFA (Orange + Green),11-Feb,Y,,8-May,y,,,,,,,
346,SAAP (White + Green),,,,8-May,np,,,,,,,
347,SANI (Orange + Yellow),,,,7-May,y,,,,,,,
348,ADFA (Orange + Green),11-Feb,Y,,7-May,n,,,,,,,
349,SANI (Orange + Yellow),,,,7-May,np,,,,,,,
350,SAME (Orange + Pink),,,,7-May,y,,,,,,,
351,ADFA (Orange + Green),11-Feb,Y,,7-May,y,,,,,,,
352,ENCA (Pink),11-Feb,N,,7-May,np,,,,,,,
353,ENCA (Pink),11-Feb,Y,,7-May,y,,,,,,,
354,SAME (Orange + Pink),,,,7-May,y,,,,,,,
355,RHOV (White + Pink),,,,7-May,y,,,,,,,
356,CEOL (Orange),,,np,7-May,y,,,,,,,
357,SAAP (White + Green),,,,7-May,y,,,,,,,
358,HEWH (White),11-Feb,Y,,7-May,y,,,,,,,
359,HEWH (White),11-Feb,Y,,7-May,y,,,,,,,
360,RHOV (White + Pink),11-Feb,Y,,7-May,y,,,,,,,
361,CEOL (Orange),,,np,8-May,y,,,,,,,
362,MALA (White + Yellow),,,,7-May,y,,,,,,,
363,RHOV (White + Pink),11-Feb,Y,,7-May,y,,,,,,,
364,MALA (White + Yellow),,,,7-May,y,,,,,,,
365,HEWH (White),11-Feb,Y,,7-May,y,,,,,,,
366,CEOL (Orange),,,np,7-May,y,,,,,,,
367,RHOV (White + Pink),11-Feb,Y,,7-May,np,gopher,,,,,,
368,HEWH (White),11-Feb,Y,,8-May,y,,,,,,,
369,RHOV (White + Pink),,,,7-May,np,,,,,,,
370,CEOL (Orange),,,np,7-May,y,,,,,,,
371,SANI (Orange + Yellow),,,,7-May,y,,,,,,,
372,RHOV (White + Pink),11-Feb,Y,,7-May,np,gopher,,,,,,
373,HEWH (White),11-Feb,Y,,7-May,y,,,,,,,
374,HEWH (White),,,,7-May,y,,,,,,,
375,RHOV (White + Pink),11-Feb,Y,,7-May,y,,,,,,,
376,HEWH (White),11-Feb,Y,,7-May,y,,,,,,,
377,HEWH (White),11-Feb,Y,,7-May,y,,,,,,,
378,CEOL (Orange),,,np,7-May,y,,,,,,,
379,HEWH (White),,,np,7-May,y,,,,,,,
380,MALA (White + Yellow),,,,8-May,n,,,,,,,
381,SANI (Orange + Yellow),,,,8-May,y,,,,,,,
382,SAME (Orange + Pink),,,,8-May,y,,,,,,,
383,ENCA (Pink),11-Feb,Y,barely,8-May,y,,,,,,,
384,CEOL (Orange),,,np,8-May,y,,,,,,,
385,HEWH (White),11-Feb,Y,,8-May,y,,,,,,,
386,ADFA (Orange + Green),11-Feb,Y,,8-May,y,,,,,,,
387,ENCA (Pink),11-Feb,Y,wilty,8-May,y,,,,,,,
388,MALA (White + Yellow),,,,,,,,,,,,
389,SAAP (White + Green),,,,8-May,y,,,,,,,
390,ADFA (Orange + Green),,,np,8-May,y,,,,,,,
391,SAME (Orange + Pink),,,,8-May,np,,,,,,,
392,CEOL (Orange),,,np,8-May,y,,,,,,,
393,ENCA (Pink),,,np,8-May,y,,,,,,,
394,HEWH (White),11-Feb,Y,,8-May,y,,,,,,,
395,ENCA (Pink),11-Feb,Y,,8-May,y,,,,,,,
396,SANI (Orange + Yellow),,,,8-May,y,,,,,,,
397,MALA (White + Yellow),,,,8-May,n,,,,,,,
398,ENCA (Pink),11-Feb,Y,,8-May,y,,,,,,,
399,RHOV (White + Pink),11-Feb,Y,,8-May,y,,,,,,,
400,RHOV (White + Pink),11-Feb,Y,,8-May,y,,,,,,,
401,SANI (Orange + Yellow),,,,7-May,y,,,,,,,
402,HEAR,,,,,,,,,,,,
403,RHOV (White + Pink),11-Feb,Y,,8-May,y,,,,,,,
404,CEOL (Orange),,,np,6-May,y,,,,,,,
405,ADFA (Orange + Green),11-Feb,Y,,,,,,,,,,
406,RHOV (White + Pink),,,np,6-May,y,,,,,,,
407,MALA (White + Yellow),,,,6-May,np,,,,,,,
408,HEWH (White),11-Feb,Y,,6-May,y,,,,,,,
409,CEOL (Orange),,,np,6-May,y,,,,,,,
410,CEOL (Orange),,,np,6-May,np,,,,,,,
411,SAME (Orange + Pink),,,,6-May,y,,,,,,,
412,RHOV (White + Pink),11-Feb,Y,,6-May,y,,,,,,,
413,RHOV (White + Pink),11-Feb,Y,,6-May,np,,,,,,,
414,HEAR,,,,8-May,y,,,,,,,
415,ENCA (Pink),,,np,8-May,y,,,,,,,
416,MALA (White + Yellow),,,,6-May,y,,,,,,,
417,RHOV (White + Pink),11-Feb,Y,,6-May,y,,,,,,,
418,ADFA (Orange + Green),11-Feb,Y,,8-May,y,,,,,,,
419,ENCA (Pink),11-Feb,Y,,6-May,y,flower,,,,,,
420,MALA (White + Yellow),,,,6-May,y,,,,,,,
421,CEOL (Orange),,,np,6-May,y,,,,,,,
422,ENCA (Pink),11-Feb,Y,,6-May,y,,,,,,,
423,SANI (Orange + Yellow),,,,6-May,y,,,,,,,
424,CEOL (Orange),,,np,8-May,y,,,,,,,
425,HEWH (White),11-Feb,Y,,6-May,y,,,,,,,
426,HEWH (White),11-Feb,Y,,6-May,y,,,,,,,
427,CEOL (Orange),,,np,6-May,y,,,,,,,
428,ENCA (Pink),11-Feb,Y,,6-May,y,,,,,,,
429,RHOV (White + Pink),11-Feb,Y,,6-May,y,,,,,,,
430,ADFA (Orange + Green),,,,8-May,y,,,,,,,
431,CEOL (Orange),,,np,6-May,y,,,,,,,
432,HEWH (White),11-Feb,Y,,6-May,y,,,,,,,
433,CEOL (Orange),,,np,6-May,np,,,,,,,
434,CEOL (Orange),,,np,6-May,np,,,,,,,
435,HEAR,,,,6-May,y,,,,,,,
436,MALA (White + Yellow),,,,22-May,y,,,,,,,
437,MALA (White + Yellow),,,,7-May,n,,,,,,,
438,HEWH (White),,,np,7-May,y,,,,,,,
439,RHOV (White + Pink),11-Feb,Y,,6-May,y,,,,,,,
440,HEWH (White),,,np,7-May,y,gopher,,,,,,
441,SAAP (White + Green),,,,7-May,y,,,,,,,
442,HEWH (White),11-Feb,Y,,6-May,y,,,,,,,
443,ENCA (Pink),11-Feb,Y,barely alive,7-May,y,,,,,,,
444,HEWH (White),11-Feb,Y,,6-May,np,,,,,,,
445,HEWH (White),11-Feb,Y,wilty,6-May,np,,,,,,,
446,RHOV (White + Pink),11-Feb,Y,,22-May,y,,,,,,,
447,ADFA (Orange + Green),,,np,6-May,y,,,,,,,
448,HEWH (White),11-Feb,N,,6-May,np,,,,,,,
449,MALA (White + Yellow),,,,6-May,np,,,,,,,
450,SAME (Orange + Pink),,,,7-May,y,,,,,,,
451,ENCA (Pink),,,np,7-May,y,,,,,,,
452,RHOV (White + Pink),,,np,7-May,y,,,,,,,
453,CEOL (Orange),,,np,7-May,y,,,,,,,
454,ENCA (Pink),11-Feb,N,,7-May,y,,,,,,,
455,ENCA (Pink),11-Feb,N,,7-May,y,,,,,,,
456,RHOV (White + Pink),11-Feb,Y,,7-May,y,,,,,,,
457,SAAP (White + Green),,,,22-May,y,,,,,,,
458,CEOL (Orange),,,np,7-May,y,,,,,,,
459,HEWH (White),,,np,7-May,y,,,,,,,
460,RHOV (White + Pink),11-Feb,Y,sad,22-May,y,,,,,,,
461,ENCA (Pink),,,np,6-May,y,,,,,,,
462,CEOL (Orange),,,np,6-May,y,,,,,,,
463,CEOL (Orange),,,np,6-May,y,,,,,,,
464,ENCA (Pink),,,,22-May,y,,,,,,,
465,MALA (White + Yellow),,,,6-May,y,,,,,,,
466,SAAP (White + Green),,,,22-May,y,,,,,,,
467,RHOV (White + Pink),,,,22-May,y,,,,,,,
468,CEOL (Orange),,,,22-May,y,,,,,,,
469,ENCA (Pink),,,,22-May,y,,,,,,,
470,ENCA (Pink),,,,6-May,y,,,,,,,
471,RHOV (White + Pink),,,,6-May,y,,,,,,,
472,ENCA (Pink),,,,7-May,y,,,,,,,
473,RHOV (White + Pink),11-Feb,Y,,7-May,y,,,,,,,
474,CEOL (Orange),,,np,7-May,np,,,,,,,
475,HEWH (White),,,np,7-May,y,,,,,,,
476,ENCA (Pink),,,np,7-May,y,,,,,,,
477,SAME (Orange + Pink),,,,22-May,np,gopher,,,,,,
478,CEOL (Orange),,,,7-May,n,,,,,,,
479,SAAP (White + Green),,,,6-May,np,,,,,,,
480,RHOV (White + Pink),,,,6-May,y,,,,,,,
481,SANI (Orange + Yellow),,,,6-May,y,,,,,,,
482,RHOV (White + Pink),,,,22-May,y,gopher activity,,,,,,
483,CEOL (Orange),,,,6-May,y,,,,,,,
484,SAME (Orange + Pink),,,,22-May,y,,,,,,,
485,HEWH (White),,,,22-May,y,,,,,,,
486,ENCA (Pink),,,,22-May,y,,,,,,,
487,HEWH (White),,,,6-May,y,,,,,,,
488,ADFA (Orange + Green),,,,6-May,y,,,,,,,
489,SAAP (White + Green),,,,6-May,y,,,,,,,
490,SAAP (White + Green),,,,6-May,n,,,,,,,
491,MALA (White + Yellow),,,,6-May,n,,,,,,,
492,CEOL (Orange),,,,6-May,np,,,,,,,
493,ENCA (Pink),,,,6-May,y,,,,,,,
494,HEWH (White),,,,6-May,y,,,,,,,
495,SAAP (White + Green),,,,6-May,y,,,,,,,
496,HEWH (White),,,,6-May,y,,,,,,,
497,CEOL (Orange),,,,22-May,y,,,,,,,
498,MALA (White + Yellow),,,,6-May,y,,,,,,,
499,SAME (Orange + Pink),,,,6-May,y,,,,,,,
500,CEOL (Orange),,,,7-May,y,,,,,,,
501,CEOL (Orange),,,np,8-May,y,,,,,,,
502,SANI (Orange + Yellow),,,,8-May,y,,,,,,,
503,RHOV (White + Pink),11-Feb,Y,,8-May,y,,,,,,,
504,SAME (Orange + Pink),,,,8-May,y,,,,,,,
505,SAAP (White + Green),,,,8-May,y,,,,,,,
506,CEOL (Orange),,,np,8-May,y,,,,,,,
507,RHOV (White + Pink),11-Feb,Y,,8-May,y,,,,,,,
508,CEOL (Orange),,,np,8-May,y,,,,,,,
509,HEAR,,,,8-May,y,,,,,,,
510,ENCA (Pink),11-Feb,N,,8-May,y,,,,,,,
511,HEWH (White),11-Feb,Y,,6-May,y,,,,,,,
512,ENCA (Pink),11-Feb,Y,,8-May,y,,,,,,,
513,SANI (Orange + Yellow),,,,8-May,n,,,,,,,
514,SAAP (White + Green),,,,6-May,y,,,,,,,
515,HEWH (White),11-Feb,Y,,8-May,y,,,,,,,
516,SAAP (White + Green),,,,8-May,y,,,,,,,
517,RHOV (White + Pink),,,np,8-May,y,,,,,,,
518,HEWH (White),11-Feb,Y,,6-May,y,,,,,,,
519,CEOL (Orange),11-Feb,Y,,6-May,y,,,,,,,
520,SAME (Orange + Pink),,,,22-May,y,,,,,,,
521,ENCA (Pink),11-Feb,Y,,6-May,y,,,,,,,
522,RHOV (White + Pink),11-Feb,Y,,6-May,y,,,,,,,
523,ENCA (Pink),11-Feb,Y,,6-May,y,,,,,,,
524,CEOL (Orange),,,np,6-May,y,,,,,,,
525,HEWH (White),11-Feb,Y,,6-May,y,,,,,,,
526,CEOL (Orange),11-Feb,Y,wilty,6-May,y,,,,,,,
527,RHOV (White + Pink),11-Feb,Y,,6-May,y,,,,,,,
528,CEOL (Orange),11-Feb,Y,,6-May,n,,,,,,,
529,CEOL (Orange),11-Feb,Y,,6-May,y,,,,,,,
530,SANI (Orange + Yellow),,,,6-May,y,,,,,,,
531,MALA (White + Yellow),,,,6-May,y,,,,,,,
532,CEOL (Orange),11-Feb,Y,,6-May,y,,,,,,,
533,RHOV (White + Pink),11-Feb,Y,,6-May,y,,,,,,,
534,RHOV (White + Pink),11-Feb,Y,,6-May,y,,,,,,,
535,SAME (Orange + Pink),,,,6-May,y,,,,,,,
536,RHOV (White + Pink),11-Feb,Y,,22-May,y,gopher,,,,,,
537,SAME (Orange + Pink),,,,7-May,y,,,,,,,
538,CEOL (Orange),,,,22-May,y,,,,,,,
539,RHOV (White + Pink),11-Feb,Y,,7-May,y,,,,,,,
540,MALA (White + Yellow),,,,7-May,y,,,,,,,
541,CEOL (Orange),,,,7-May,np,,,,,,,
542,CEOL (Orange),,,,7-May,y,gopher,,,,,,
543,RHOV (White + Pink),11-Feb,Y,,7-May,np,,,,,,,
544,HEWH (White),11-Feb,Y,,7-May,y,,,,,,,
545,SAAP (White + Green),,,,7-May,y,,,,,,,
546,RHOV (White + Pink),11-Feb,Y,,7-May,y,,,,,,,
547,ENCA (Pink),,,,22-May,y,,,,,,,
548,ADFA (Orange + Green),11-Feb,Y,,7-May,y,,,,,,,
549,CEOL (Orange),,,,7-May,y,,,,,,,
550,ENCA (Pink),11-Feb,Y,,7-May,y,,,,,,,
551,SANI (Orange + Yellow),,,,6-May,y,,,,,,,
552,HEWH (White),11-Feb,Y,,6-May,y,,,,,,,
553,CEOL (Orange),,,,6-May,y,,,,,,,
554,HEWH (White),11-Feb,Y,,6-May,y,,,,,,,
555,ENCA (Pink),11-Feb,Y,,6-May,y,,,,,,,
556,MALA (White + Yellow),,,,6-May,y,,,,,,,
557,HEWH (White),11-Feb,Y,,7-May,y,,,,,,,
558,ADFA (Orange + Green),,,,7-May,y,,,,,,,
559,MALA (White + Yellow),,,,22-May,y,,,,,,,
560,CEOL (Orange),,,,7-May,y,,,,,,,
561,CEOL (Orange),,,,7-May,y,,,,,,,
562,ENCA (Pink),11-Feb,Y,,7-May,n,,,,,,,
563,HEWH (White),11-Feb,Y,,7-May,y,,,,,,,
564,HEWH (White),,,,7-May,np,,,,,,,
565,HEWH (White),,,,7-May,y,,,,,,,
566,CEOL (Orange),,,,7-May,y,,,,,,,
567,ENCA (Pink),,,,8-May,y,,,,,,,
568,ADFA (Orange + Green),,,,8-May,y,,,,,,,
569,HEWH (White),,,,8-May,y,,,,,,,
570,ENCA (Pink),,,,7-May,np,,,,,,,
571,ADFA (Orange + Green),11-Feb,Y,,7-May,n,,,,,,,
572,HEWH (White),11-Feb,Y,,7-May,y,,,,,,,
573,ADFA (Orange + Green),11-Feb,Y,,22-May,y,,,,,,,
574,SAAP (White + Green),,,,7-May,y,,,,,,,
575,HEWH (White),,,np,7-May,y,,,,,,,
576,SANI (Orange + Yellow),,,,8-May,y,,,,,,,
577,HEWH (White),11-Feb,Y,,22-May,np,,,,,,,
578,CEOL (Orange),,,,8-May,n,,,,,,,
579,CEOL (Orange),,,,7-May,y,,,,,,,
580,ENCA (Pink),,,,8-May,np,,,,,,,
581,SANI (Orange + Yellow),,,,7-May,y,,,,,,,
582,RHOV (White + Pink),,,,7-May,y,,,,,,,
583,RHOV (White + Pink),,,,7-May,y,,,,,,,
584,SANI (Orange + Yellow),,,,7-May,y,,,,,,,
585,RHOV (White + Pink),,,,7-May,y,,,,,,,
586,HEWH (White),,,,7-May,y,,,,,,,
587,CEOL (Orange),,,,7-May,y,,,,,,,
588,SAME (Orange + Pink),,,,7-May,y,,,,,,,
589,SAME (Orange + Pink),,,,7-May,y,,,,,,,
590,ENCA (Pink),,,,7-May,y,,,,,,,
591,CEOL (Orange),,,,7-May,y,,,,,,,
592,ADFA (Orange + Green),,,,22-May,y,,,,,,,
593,CEOL (Orange),,,,8-May,y,,,,,,,
594,CEOL (Orange),11-Feb,Y,,7-May,y,,,,,,,
595,ENCA (Pink),,,,7-May,np,,,,,,,
596,ADFA (Orange + Green),11-Feb,Y,,7-May,y,,,,,,,
597,HEWH (White),,,np,22-May,y,,,,,,,
598,RHOV (White + Pink),,,np,6-May,y,,,,,,,
599,SAME (Orange + Pink),,,,6-May,np,,,,,,,
600,CEOL (Orange),,,,22-May,np,,,,,,,
601,HEWH (White),,,np,7-May,y,,,,,,,
602,SAAP (White + Green),,,,7-May,np,,,,,,,
603,CEOL (Orange),,,np,6-May,y,,,,,,,
604,SAME (Orange + Pink),,,,7-May,y,,,,,,,
605,RHOV (White + Pink),11-Feb,Y,,22-May,np,gopher,,,,,,
606,SAAP (White + Green),,,,7-May,y,,,,,,,
607,RHOV (White + Pink),,,np,7-May,y,,,,,,,
608,ADFA (Orange + Green),,,,7-May,y,,,,,,,
609,CEOL (Orange),,,,7-May,n,,,,,,,
610,MALA (White + Yellow),,,,22-May,np,gopher,,,,,,
611,CEOL (Orange),,,,7-May,y,,,,,,,
612,RHOV (White + Pink),11-Feb,Y,,7-May,y,,,,,,,
613,RHOV (White + Pink),11-Feb,Y,crispy,6-May,n,,,,,,,
614,CEOL (Orange),,,,6-May,y,,,,,,,
615,HEWH (White),,,,6-May,y,,,,,,,
616,SANI (Orange + Yellow),,,,22-May,n,,,,,,,
617,SAAP (White + Green),,,,6-May,y,,,,,,,
618,RHOV (White + Pink),,,,6-May,y,,,,,,,
619,ENCA (Pink),,,,6-May,y,,,,,,,
620,HEWH (White),,,,6-May,y,,,,,,,
621,ENCA (Pink),,,,15-May,y,,,,,,,
622,SANI (Orange + Yellow),,,,15-May,y,,,,,,,
623,RHOV (White + Pink),,,,8-May,y,,,,,,,
624,HEWH (White),,,,8-May,y,,,,,,,
625,CEOL (Orange),,,,8-May,y,,,,,,,
626,ADFA (Orange + Green),,,,8-May,y,,,,,,,
627,MALA (White + Yellow),,,,15-May,n,,,,,,,
628,SANI (Orange + Yellow),,,,15-May,np,gopher,,,,,,
629,HEWH (White),,,,8-May,y,,,,,,,
630,SAME (Orange + Pink),,,,8-May,y,,,,,,,
631,RHOV (White + Pink),,,,8-May,np,,,,,,,
632,ENCA (Pink),,,,8-May,np,gopher,,,,,,
633,CEOL (Orange),,,,6-May,y,,,,,,,
634,CEOL (Orange),,,,6-May,y,,,,,,,
635,ENCA (Pink),,,,6-May,y,,,,,,,
636,ENCA (Pink),,,,6-May,y,gopher,,,,,,
637,ENCA (Pink),,,,6-May,y,,,,,,,
638,CEOL (Orange),,,,6-May,np,,,,,,,
639,SAAP (White + Green),,,,6-May,y,,,,,,,
640,CEOL (Orange),,,,6-May,y,,,,,,,
641,CEOL (Orange),,,,6-May,np,,,,,,,
642,ENCA (Pink),,,,6-May,np,,,,,,,
643,RHOV (White + Pink),,,,6-May,n,,,,,,,
644,CEOL (Orange),,,,6-May,y,,,,,,,
645,HEWH (White),,,,6-May,np,,,,,,,
646,RHOV (White + Pink),,,,6-May,n,,,,,,,
647,MALA (White + Yellow),,,,6-May,y,,,,,,,
648,RHOV (White + Pink),,,,22-May,y,,,,,,,
649,CEOL (Orange),,,,6-May,y,,,,,,,
650,RHOV (White + Pink),,,,6-May,y,,,,,,,
651,HEWH (White),,,,6-May,y,,,,,,,
652,HEWH (White),,,,6-May,y,,,,,,,
653,CEOL (Orange),,,,6-May,np,,,,,,,
654,SAME (Orange + Pink),,,,6-May,y,,,,,,,
655,HEWH (White),,,,6-May,y,,,,,,,
656,SANI (Orange + Yellow),,,,6-May,y,,,,,,,
657,RHOV (White + Pink),,,,6-May,y,,,,,,,
658,ENCA (Pink),,,,22-May,y,,,,,,,
659,ADFA (Orange + Green),,,,6-May,y,gopher activity,,,,,,
660,CEOL (Orange),,,,6-May,y,,,,,,,
661,CEOL (Orange),,,,6-May,y,,,,,,,
662,ADFA (Orange + Green),,,,6-May,y,,,,,,,
663,MALA (White + Yellow),,,,22-May,y,,,,,,,
664,ENCA (Pink),,,,6-May,y,,,,,,,
665,ENCA (Pink),,,,22-May,y,,,,,,,
666,SANI (Orange + Yellow),,,,8-May,y,,,,,,,
667,CEOL (Orange),,,,8-May,y,,,,,,,
668,RHOV (White + Pink),,,,8-May,y,,,,,,,
669,ADFA (Orange + Green),,,,15-May,y,,,,,,,
670,SAME (Orange + Pink),,,,15-May,y,,,,,,,
671,CEOL (Orange),,,,15-May,y,,,,,,,
672,MALA (White + Yellow),,,,8-May,n,,,,,,,
673,ADFA (Orange + Green),,,,8-May,y,,,,,,,
674,RHOV (White + Pink),,,,8-May,y,,,,,,,
675,SANI (Orange + Yellow),,,,8-May,y,,,,,,,
676,RHOV (White + Pink),,,,15-May,y,,,,,,,
677,SANI (Orange + Yellow),,,,8-May,y,,,,,,,
678,ADFA (Orange + Green),,,,8-May,y,,,,,,,
679,HEWH (White),,,,8-May,np,,,,,,,
680,CEOL (Orange),,,,8-May,y,,,,,,,
681,SANI (Orange + Yellow),,,,6-May,y,,,,,,,
682,HEWH (White),,,,6-May,y,,,,,,,
683,HEWH (White),,,,6-May,y,,,,,,,
684,HEWH (White),,,,8-May,y,,,,,,,
685,HEWH (White),,,,8-May,np,,,,,,,
686,ENCA (Pink),,,,15-May,y,,,,,,,
687,CEOL (Orange),,,,8-May,y,,,,,,,
688,ENCA (Pink),,,,15-May,y,no number on plot (below catchment 2),,,,,,
689,ENCA (Pink),,,,15-May,y,,,,,,,
690,HEWH (White),,,,8-May,y,,,,,,,
691,SANI (Orange + Yellow),,,,8-May,y,,,,,,,
692,CEOL (Orange),,,,8-May,np,,,,,,,
693,RHOV (White + Pink),,,,8-May,y,,,,,,,
694,HEAR,,,,8-May,n,,,,,,,
695,CEOL (Orange),,,,8-May,np,,,,,,,
696,CEOL (Orange),,,,8-May,n,,,,,,,
697,HEWH (White),,,,22-May,np,gopher,,,,,,
698,CEOL (Orange),,,,8-May,n,,,,,,,
699,RHOV (White + Pink),,,,8-May,np,gopher,,,,,,
700,RHOV (White + Pink),,,,8-May,n,,,,,,,
701,CEOL (Orange),,,,15-May,np,gopher,,,,,,
702,SANI (Orange + Yellow),,,,7-May,y,,,,,,,
703,ENCA (Pink),,,,7-May,y,,,,,,,
704,RHOV (White + Pink),11-Feb,Y,,6-May,y,,,,,,,
705,HEWH (White),,,,6-May,y,,,,,,,
706,RHOV (White + Pink),,,,7-May,y,,,,,,,
707,SAAP (White + Green),,,,6-May,np,,,,,,,
708,SAAP (White + Green),,,,6-May,y,,,,,,,
709,ENCA (Pink),,,,6-May,y,,,,,,,
710,CEOL (Orange),,,,7-May,np,,,,,,,
711,MALA (White + Yellow),,,,7-May,y,,,,,,,
712,HEWH (White),,,,7-May,np,gopher,,,,,,
713,ENCA (Pink),,,,7-May,y,,,,,,,
714,RHOV (White + Pink),,,,7-May,np,gopher,,,,,,
715,ENCA (Pink),,,,7-May,n,,,,,,,
716,SAME (Orange + Pink),,,,7-May,y,,,,,,,
717,CEOL (Orange),,,,7-May,y,,,,,,,
718,SAAP (White + Green),,,,7-May,y,,,,,,,
719,RHOV (White + Pink),,,,7-May,y,,,,,,,
720,CEOL (Orange),,,,7-May,y,,,,,,,
721,RHOV (White + Pink),,,,7-May,y,,,,,,,
722,CEOL (Orange),,,,7-May,n,,,,,,,
723,RHOV (White + Pink),,,,6-May,y,gopher activity,,,,,,
724,ENCA (Pink),,,,6-May,y,,,,,,,
725,CEOL (Orange),,,,6-May,np,gopher,,,,,,
726,CEOL (Orange),,,,6-May,y,,,,,,,
727,RHOV (White + Pink),,,,6-May,y,,,,,,,
728,CEOL (Orange),,,,6-May,y,,,,,,,
729,HEWH (White),,,,22-May,y,,,,,,,
730,ENCA (Pink),,,,6-May,y,,,,,,,
731,HEWH (White),,,,6-May,y,,,,,,,
732,CEOL (Orange),,,,6-May,y,,,,,,,
733,RHOV (White + Pink),,,,6-May,y,,,,,,,
734,RHOV (White + Pink),,,,6-May,y,,,,,,,
735,SANI (Orange + Yellow),,,,22-May,np,,,,,,,
736,ENCA (Pink),,,,8-May,y,,,,,,,
737,RHOV (White + Pink),,,,22-May,n,,,,,,,
738,CEOL (Orange),,,,7-May,y,,,,,,,
739,RHOV (White + Pink),,,,7-May,y,,,,,,,
740,RHOV (White + Pink),,,,7-May,y,,,,,,,
741,ENCA (Pink),,,,15-May,np,,,,,,,
742,HEWH (White),,,,15-May,y,,,,,,,
743,RHOV (White + Pink),,,,15-May,y,,,,,,,
744,CEOL (Orange),,,,15-May,y,,,,,,,
745,CEOL (Orange),,,,8-May,y,,,,,,,
746,MALA (White + Yellow),,,,8-May,n,gopher activity,,,,,,
747,CEOL (Orange),,,,8-May,np,,,,,,,
748,SAAP (White + Green),,,,15-May,np,,,,,,,
749,RHOV (White + Pink),,,,8-May,y,,,,,,,
750,SANI (Orange + Yellow),,,,8-May,y,,,,,,,
751,ENCA (Pink),,,,8-May,y,,,,,,,
752,RHOV (White + Pink),,,,8-May,y,,,,,,,
753,CEOL (Orange),,,,6-May,y,,,,,,,
754,ENCA (Pink),,,,6-May,y,,,,,,,
755,SAAP (White + Green),,,,6-May,np,,,,,,,
756,SAAP (White + Green),,,,6-May,y,,,,,,,
757,CEOL (Orange),,,,15-May,np,,,,,,,
758,HEWH (White),,,,6-May,y,gopher activity,,,,,,
759,SAAP (White + Green),,,,6-May,y,,,,,,,
760,ENCA (Pink),,,,6-May,y,,,,,,,
761,HEWH (White),,,,6-May,np,,,,,,,
762,HEWH (White),,,,8-May,y,gopher activity,,,,,,
763,SANI (Orange + Yellow),,,,8-May,y,,,,,,,
764,MALA (White + Yellow),,,,15-May,y,,,,,,,
765,ADFA (Orange + Green),,,,8-May,y,,,,,,,
766,CEOL (Orange),,,,8-May,np,,,,,,,
767,HEWH (White),,,,8-May,np,,,,,,,
768,ADFA (Orange + Green),,,,8-May,y,,,,,,,
769,CEOL (Orange),,,,8-May,np,,,,,,,
770,CEOL (Orange),,,,8-May,y,,,,,,,
771,RHOV (White + Pink),,,,8-May,y,,,,,,,
772,SAAP (White + Green),,,,8-May,y,,,,,,,
773,RHOV (White + Pink),,,,8-May,y,,,,,,,
774,CEOL (Orange),,,,8-May,y,,,,,,,
775,HEWH (White),,,,8-May,np,,,,,,,
776,CEOL (Orange),,,,15-May,np,,,,,,,
777,CEOL (Orange),,,,15-May,np,gopher,,,,,,
778,CEOL (Orange),,,,6-May,np,,,,,,,
779,ADFA (Orange + Green),,,,6-May,y,,,,,,,
780,ADFA (Orange + Green),,,,6-May,y,,,,,,,
781,HEWH (White),,,,6-May,y,,,,,,,
782,CEOL (Orange),,,,6-May,y,,,,,,,
783,MALA (White + Yellow),,,,6-May,n,,,,,,,
784,ENCA (Pink),,,,6-May,y,,,,,,,
785,SAAP (White + Green),,,,6-May,np,,,,,,,
786,ADFA (Orange + Green),,,,15-May,y,,,,,,,
787,RHOV (White + Pink),,,,15-May,y,,,,,,,
788,HEWH (White),,,,15-May,y,,,,,,,
789,CEOL (Orange),,,,15-May,y,,,,,,,
790,SAAP (White + Green),,,,15-May,np,,,,,,,
791,CEOL (Orange),,,,8-May,y,,,,,,,
792,CEOL (Orange),,,,8-May,np,gopher,,,,,,
793,HEWH (White),,,,8-May,y,,,,,,,
794,ADFA (Orange + Green),,,,8-May,y,,,,,,,
795,ENCA (Pink),,,,8-May,y,,,,,,,
796,ENCA (Pink),,,,8-May,y,,,,,,,
797,CEOL (Orange),,,,8-May,y,,,,,,,
798,SAME (Orange + Pink),,,,8-May,y,,,,,,,
799,MALA (White + Yellow),,,,8-May,n,,,,,,,
800,ENCA (Pink),,,,8-May,y,,,,,,,
801,HEWH (White),11-Feb,Y,,8-May,y,,,,,,,
802,HEWH (White),11-Feb,N,"no plant, gopher",22-May,np,,,,,,,
803,ENCA (Pink),11-Feb,N,no plant ,15-May,np,,,,,,,
804,MALA (White + Yellow),,,,,,,,,,,,
805,ADFA (Orange + Green),,,,8-May,y,,,,,,,
806,SAAP (White + Green),,,,8-May,y,,,,,,,
807,RHOV (White + Pink),,,,15-May,n,,,,,,,
808,HEWH (White),,,,15-May,y,very sad,,,,,,
809,CEOL (Orange),,,,15-May,y,,,,,,,
810,ENCA (Pink),,,,15-May,y,,,,,,,
811,SAME (Orange + Pink),,,,15-May,y,,,,,,,
812,HEWH (White),,,,15-May,y,,,,,,,
813,SAAP (White + Green),,,,15-May,y,,,,,,,
814,ADFA (Orange + Green),,,,8-May,y,,,,,,,
815,MALA (White + Yellow),,,,8-May,np,,,,,,,
816,CEOL (Orange),,,,8-May,y,,,,,,,
817,HEWH (White),,,,8-May,np,,,,,,,
818,HEWH (White),,,,8-May,np,gopher,,,,,,
819,ADFA (Orange + Green),,,,8-May,y,,,,,,,
820,SANI (Orange + Yellow),,,,15-May,y,,,,,,,
821,HEWH (White),,,,15-May,y,,,,,,,
822,RHOV (White + Pink),,,,15-May,y,,,,,,,
823,MALA (White + Yellow),,,,15-May,n,,,,,,,
824,ENCA (Pink),,,,15-May,y,,,,,,,
825,ENCA (Pink),,,,15-May,y,,,,,,,
826,ADFA (Orange + Green),,,,15-May,y,,,,,,,
827,ENCA (Pink),,,,15-May,y,,,,,,,
828,SANI (Orange + Yellow),,,,15-May,np,,,,,,,
829,HEWH (White),,,,8-May,y,,,,,,,
830,SAAP (White + Green),,,,,,,,,,,,
831,SAAP (White + Green),,,,8-May,np,,,,,,,
832,ENCA (Pink),,,,15-May,y,,,,,,,
833,MALA (White + Yellow),,,,15-May,n,,,,,,,
834,HEWH (White),,,,15-May,y,,,,,,,
835,CEOL (Orange),,,,15-May,y,,,,,,,
836,HEWH (White),,,,15-May,y,,,,,,,
837,HEWH (White),,,,15-May,y,,,,,,,
838,SAAP (White + Green),,,,15-May,np,,,,,,,
839,CEOL (Orange),,,,15-May,y,,,,,,,
840,RHOV (White + Pink),,,,15-May,np,,,,,,,
841,MALA (White + Yellow),,,,22-May,y,almost under catchment 2,,,,,,
842,ENCA (Pink),,,,15-May,y,,,,,,,
843,RHOV (White + Pink),,,,15-May,y,,,,,,,
844,RHOV (White + Pink),,,,22-May,y,,,,,,,
845,HEWH (White),,,,15-May,y,,,,,,,
846,MALA (White + Yellow),,,,8-May,y,,,,,,,
847,CEOL (Orange),,,,15-May,np,,,,,,,
848,CEOL (Orange),,,,15-May,y,,,,,,,
849,HEWH (White),,,,15-May,y,,,,,,,
850,SANI (Orange + Yellow),,,,15-May,y,,,,,,,
851,HEWH (White),,,,15-May,y,,,,,,,
852,RHOV (White + Pink),,,,15-May,y,,,,,,,
853,SAAP (White + Green),,,,15-May,y,,,,,,,
854,SAME (Orange + Pink),,,,15-May,y,,,,,,,
855,CEOL (Orange),,,,15-May,np,,,,,,,
856,ENCA (Pink),,,,15-May,np,,,,,,,
857,ENCA (Pink),,,,15-May,y,,,,,,,
858,SAME (Orange + Pink),,,,15-May,y,,,,,,,
859,HEAR,,,,15-May,n,,,,,,,
860,ENCA (Pink),,,,15-May,y,,,,,,,
861,RHOV (White + Pink),,,,8-May,y,,,,,,,
862,SAME (Orange + Pink),,,,22-May,y,,,,,,,
863,ENCA (Pink),,,,15-May,y,,,,,,,
864,HEWH (White),,,,15-May,y,,,,,,,
865,HEWH (White),,,,15-May,y,,,,,,,
866,SANI (Orange + Yellow),,,,15-May,n,,,,,,,
867,SAAP (White + Green),,,,15-May,np,gopher,,,,,,
868,CEOL (Orange),,,,15-May,n,,,,,,,
869,SAME (Orange + Pink),,,,22-May,y,,,,,,,
870,HEWH (White),,,,15-May,y,,,,,,,
871,HEWH (White),,,,15-May,y,,,,,,,
872,SAAP (White + Green),,,,15-May,y,,,,,,,
873,ENCA (Pink),,,,15-May,y,,,,,,,
874,ADFA (Orange + Green),,,,15-May,y,,,,,,,
875,SAME (Orange + Pink),,,,15-May,y,,,,,,,
876,SAAP (White + Green),,,,15-May,y,,,,,,,
877,RHOV (White + Pink),,,,15-May,np,gopher,,,,,,
878,CEOL (Orange),,,,15-May,y,,,,,,,
879,HEWH (White),,,,15-May,y,,,,,,,
880,RHOV (White + Pink),,,,15-May,np,gopher,,,,,,
881,HEWH (White),,,,15-May,y,,,,,,,
882,ENCA (Pink),,,,15-May,y,,,,,,,
883,SAAP (White + Green),,,,15-May,y,,,,,,,
884,CEOL (Orange),,,,15-May,y,,,,,,,
885,MALA (White + Yellow),,,,15-May,n,,,,,,,
886,HEWH (White),,,,22-May,y,,,,,,,
887,CEOL (Orange),,,,22-May,n,,,,,,,
888,CEOL (Orange),,,,22-May,np,gopher,,,,,,
889,ENCA (Pink),,,,22-May,np,burried,,,,,,
890,SANI (Orange + Yellow),,,,15-May,y,,,,,,,
891,MALA (White + Yellow),,,,15-May,y,,,,,,,
892,HEWH (White),,,,15-May,y,,,,,,,
893,CEOL (Orange),,,,15-May,np,gopher,,,,,,
894,ENCA (Pink),,,,15-May,np,gopher,,,,,,
895,ENCA (Pink),,,,15-May,y,,,,,,,
896,SANI (Orange + Yellow),,,,15-May,y,,,,,,,
897,SANI (Orange + Yellow),,,,22-May,y,,,,,,,
898,HEWH (White),,,,15-May,y,,,,,,,
899,CEOL (Orange),,,,22-May,y,,,,,,,
900,ADFA (Orange + Green),,,,,,,,,,,,
901,CEOL (Orange),,,,15-May,y,,,,,,,
902,ENCA (Pink),,,,15-May,y,,,,,,,
903,ENCA (Pink),,,,,,,,,,,,
904,RHOV (White + Pink),,,,,,,,,,,,
905,ADFA (Orange + Green),,,,15-May,y,,,,,,,
906,SAME (Orange + Pink),,,,8-May,y,,,,,,,
907,SANI (Orange + Yellow),,,,8-May,y,,,,,,,
908,ENCA (Pink),11-Feb,Y,,8-May,y,,,,,,,
909,HEWH (White),,,,15-May,y,,,,,,,
910,ENCA (Pink),,,,15-May,y,,,,,,,
911,SANI (Orange + Yellow),,,,15-May,y,,,,,,,
912,ENCA (Pink),,,,22-May,y,,,,,,,
913,ENCA (Pink),,,,15-May,y,,,,,,,
914,SAME (Orange + Pink),,,,15-May,np,,,,,,,
915,SANI (Orange + Yellow),,,,22-May,n,915 and 916 may be switched?,,,,,,
916,CEOL (Orange),,,,22-May,np,gopher,,,,,,
917,HEWH (White),,,,15-May,np,,,,,,,
918,HEWH (White),,,,15-May,y,,,,,,,
919,ADFA (Orange + Green),,,,15-May,y,,,,,,,
920,SANI (Orange + Yellow),,,,15-May,np,,,,,,,
921,ENCA (Pink),,,,22-May,y,,,,,,,
922,SAAP (White + Green),,,,15-May,np,,,,,,,
923,ENCA (Pink),,,,15-May,n,,,,,,,
924,RHOV (White + Pink),,,,15-May,y,,,,,,,
925,CEOL (Orange),,,,15-May,np,,,,,,,
926,CEOL (Orange),,,,15-May,y,,,,,,,
927,RHOV (White + Pink),,,,15-May,y,,,,,,,
928,MALA (White + Yellow),,,,15-May,y,,,,,,,
929,SANI (Orange + Yellow),,,,22-May,n,,,,,,,
930,RHOV (White + Pink),,,,15-May,np,,,,,,,
931,HEWH (White),,,,15-May,y,,,,,,,
932,CEOL (Orange),,,,15-May,n,,,,,,,
933,CEOL (Orange),,,,15-May,y,,,,,,,
934,HEWH (White),,,,22-May,n,,,,,,,
935,RHOV (White + Pink),,,,15-May,y,,,,,,,
936,ADFA (Orange + Green),,,,15-May,n,,,,,,,
937,SANI (Orange + Yellow),,,,15-May,n,,,,,,,
938,ENCA (Pink),,,,15-May,y,,,,,,,
939,CEOL (Orange),,,,15-May,y,,,,,,,
940,SANI (Orange + Yellow),,,,15-May,y,,,,,,,
941,SAAP (White + Green),,,,15-May,y,,,,,,,
942,SAAP (White + Green),,,,15-May,np,,,,,,,
943,HEWH (White),,,,15-May,y,,,,,,,
944,SANI (Orange + Yellow),,,,15-May,y,,,,,,,
945,ADFA (Orange + Green),,,,15-May,n,gopher activity,,,,,,
946,RHOV (White + Pink),,,,15-May,n,,,,,,,
947,MALA (White + Yellow),,,,15-May,n,gopher,,,,,,
948,HEWH (White),,,,15-May,np,gopher,,,,,,
949,SANI (Orange + Yellow),,,,15-May,np,gopher,,,,,,
950,SANI (Orange + Yellow),,,,15-May,y,,,,,,,
951,SANI (Orange + Yellow),,,,15-May,y,,,,,,,
952,SAME (Orange + Pink),,,,15-May,np,gopher,,,,,,
953,ENCA (Pink),,,,15-May,np,gopher,,,,,,
954,RHOV (White + Pink),,,,15-May,y,,,,,,,
955,RHOV (White + Pink),,,,15-May,y,,,,,,,
956,SAAP (White + Green),,,,15-May,y,,,,,,,
957,CEOL (Orange),,,,15-May,np,gopher,,,,,,
958,ENCA (Pink),,,,,,,,,,,,
959,ENCA (Pink),,,,15-May,n,,,,,,,
960,ENCA (Pink),,,,15-May,y,,,,,,,
961,RHOV (White + Pink),,,,15-May,y,,,,,,,
962,HEWH (White),,,,15-May,y,,,,,,,
963,CEOL (Orange),,,,15-May,y,,,,,,,
964,MALA (White + Yellow),,,,15-May,n,,,,,,,
965,HEWH (White),,,,15-May,y,,,,,,,
966,HEAR,,,,15-May,n,,,,,,,
967,ADFA (Orange + Green),,,,15-May,n,gopher activity,,,,,,
968,SAAP (White + Green),,,,15-May,y,,,,,,,
969,HEWH (White),,,,15-May,y,,,,,,,
970,ENCA (Pink),,,,15-May,n,,,,,,,
971,CEOL (Orange),,,,15-May,y,,,,,,,
972,ADFA (Orange + Green),,,,15-May,y,,,,,,,
973,MALA (White + Yellow),,,,15-May,y,,,,,,,
974,SANI (Orange + Yellow),,,,15-May,y,,,,,,,
975,CEOL (Orange),,,,,,,,,,,,
976,RHOV (White + Pink),,,,15-May,n,,,,,,,
977,SAAP (White + Green),,,,15-May,y,,,,,,,
978,RHOV (White + Pink),,,,15-May,y,,,,,,,
979,ENCA (Pink),,,,8-May,y,,,,,,,
980,ENCA (Pink),,,,8-May,y,,,,,,,
981,HEWH (White),,,,15-May,y,,,,,,,
982,ADFA (Orange + Green),,,,15-May,n,,,,,,,
983,HEWH (White),,,,15-May,np,,,,,,,
984,HEWH (White),,,,15-May,y,,,,,,,
985,MALA (White + Yellow),,,,8-May,y,,,,,,,
986,SANI (Orange + Yellow),,,,15-May,np,,,,,,,
987,CEOL (Orange),,,,15-May,y,,,,,,,
988,MALA (White + Yellow),,,,8-May,y,,,,,,,
989,SANI (Orange + Yellow),,,,8-May,y,,,,,,,
990,CEOL (Orange),,,,8-May,y,,,,,,,
991,CEOL (Orange),,,,15-May,np,gopher,,,,,,
992,CEOL (Orange),,,,8-May,y,,,,,,,
993,ADFA (Orange + Green),,,,8-May,y,,,,,,,
994,ADFA (Orange + Green),,,,15-May,y,,,,,,,
995,HEWH (White),,,,8-May,np,,,,,,,
996,ENCA (Pink),,,,8-May,np,,,,,,,
997,ENCA (Pink),,,,8-May,y,,,,,,,
998,ADFA (Orange + Green),,,,8-May,y,,,,,,,
999,ENCA (Pink),,,,8-May,np,,,,,,,
1000,RHOV (White + Pink),,,,8-May,y,,,,,,,
1001,CEOL (Orange),,,,7-May,y,,,,,,,
1002,SAME (Orange + Pink),,,,14-May,y,,,,,,,
1003,MALA (White + Yellow),,,,14-May,y,,,,,,,
1004,HEWH (White),,,,13-May,y,,,,,,,
1005,CEOL (Orange),,,,14-May,y,,,,,,,
1006,HEWH (White),,,,14-May,y,,,,,,,
1007,ADFA (Orange + Green),,,,8-May,y,,,,,,,
1008,RHOV (White + Pink),,,,13-May,y,,,,,,,
1009,HEWH (White),,,,13-May,y,,,,,,,
1010,ADFA (Orange + Green),,,,13-May,n,,,,,,,
1011,RHOV (White + Pink),,,,13-May,y,,,,,,,
1012,MALA (White + Yellow),,,,8-May,y,,,,,,,
1013,SANI (Orange + Yellow),,,,8-May,np,gopher,,,,,,
1014,ENCA (Pink),,,,8-May,y,,,,,,,
1015,ENCA (Pink),,,,13-May,y,,,,,,,
1016,MALA (White + Yellow),,,,14-May,n,,,,,,,
1017,HEWH (White),,,,14-May,y,,,,,,,
1018,HEWH (White),,,,14-May,y,,,,,,,
1019,CEOL (Orange),,,,13-May,y,,,,,,,
1020,SAME (Orange + Pink),,,,13-May,y,,,,,,,
1021,RHOV (White + Pink),,,,13-May,y,,,,,,,
1022,CEOL (Orange),,,,13-May,y,,,,,,,
1023,CEOL (Orange),,,,13-May,y,,,,,,,
1024,CEOL (Orange),,,,14-May,y,,,,,,,
1025,HEWH (White),,,,14-May,y,,,,,,,
1026,HEWH (White),,,,13-May,y,,,,,,,
1027,CEOL (Orange),,,,13-May,y,,,,,,,
1028,HEWH (White),,,,13-May,y,,,,,,,
1029,ADFA (Orange + Green),,,,13-May,y,,,,,,,
1030,HEWH (White),,,,13-May,y,,,,,,,
1031,RHOV (White + Pink),,,,13-May,y,,,,,,,
1032,ADFA (Orange + Green),,,,13-May,y,,,,,,,
1033,CEOL (Orange),,,,13-May,y,,,,,,,
1034,ADFA (Orange + Green),,,,14-May,y,,,,,,,
1035,CEOL (Orange),,,,14-May,y,,,,,,,
1036,RHOV (White + Pink),,,,13-May,y,,,,,,,
1037,HEWH (White),,,,13-May,y,,,,,,,
1038,CEOL (Orange),,,,13-May,y,,,,,,,
1039,SAAP (White + Green),,,,13-May,np,,,,,,,
1040,HEWH (White),,,,13-May,y,,,,,,,
1041,HEWH (White),,,,13-May,y,,,,,,,
1042,CEOL (Orange),,,,13-May,y,,,,,,,
1043,RHOV (White + Pink),,,,13-May,y,,,,,,,
1044,MALA (White + Yellow),,,,13-May,y,,,,,,,
1045,ENCA (Pink),,,,13-May,y,,,,,,,
1046,ENCA (Pink),,,,13-May,y,,,,,,,
1047,HEWH (White),,,,13-May,y,,,,,,,
1048,ADFA (Orange + Green),,,,13-May,n,,,,,,,
1049,CEOL (Orange),,,,14-May,y,,,,,,,
1050,SAAP (White + Green),,,,13-May,y,,,,,,,
1051,HEWH (White),,,,14-May,y,,,,,,,
1052,RHOV (White + Pink),,,,13-May,y,,,,,,,
1053,MALA (White + Yellow),,,,13-May,y,,,,,,,
1054,HEWH (White),,,,13-May,y,,,,,,,
1055,ENCA (Pink),,,,13-May,y,,,,,,,
1056,HEWH (White),,,,13-May,y,,,,,,,
1057,SAME (Orange + Pink),,,,13-May,y,,,,,,,
1058,ENCA (Pink),,,,14-May,y,,,,,,,
1059,MALA (White + Yellow),,,,13-May,y,,,,,,,
1060,ADFA (Orange + Green),,,,13-May,y,,,,,,,
1061,CEOL (Orange),,,,14-May,y,,,,,,,
1062,CEOL (Orange),,,,13-May,y,,,,,,,
1063,HEWH (White),,,,13-May,y,,,,,,,
1064,ADFA (Orange + Green),,,,13-May,y,,,,,,,
1065,MALA (White + Yellow),,,,13-May,y,,,,,,,
1066,SANI (Orange + Yellow),,,,13-May,y,,,,,,,
1067,HEWH (White),,,,14-May,y,,,,,,,
1068,HEWH (White),,,,14-May,y,,,,,,,
1069,ENCA (Pink),,,,14-May,y,,,,,,,
1070,SANI (Orange + Yellow),,,,14-May,y,,,,,,,
1071,RHOV (White + Pink),,,,13-May,np,,,,,,,
1072,RHOV (White + Pink),,,,13-May,y,,,,,,,
1073,HEWH (White),,,,13-May,y,,,,,,,
1074,ENCA (Pink),,,,13-May,y,,,,,,,
1075,SAAP (White + Green),,,,13-May,np,,,,,,,
1076,MALA (White + Yellow),,,,13-May,y,,,,,,,
1077,RHOV (White + Pink),,,,13-May,y,,,,,,,
1078,HEWH (White),,,,14-May,y,,,,,,,
1079,SAAP (White + Green),,,,13-May,y,,,,,,,
1080,HEWH (White) ENCA,,,,14-May,y,,,,,,,
1081,CEOL (Orange),,,,14-May,y,,,,,,,
1082,ENCA (Pink),,,,14-May,y,,,,,,,
1083,HEWH (White),,,,14-May,y,,,,,,,
1084,ENCA (Pink),,,,14-May,y,,,,,,,
1085,RHOV (White + Pink),,,,14-May,y,,,,,,,
1086,RHOV (White + Pink),,,,13-May,y,,,,,,,
1087,MALA (White + Yellow),,,,13-May,y,,,,,,,
1088,RHOV (White + Pink),,,,13-May,y,,,,,,,
1089,SANI (Orange + Yellow),,,,13-May,y,,,,,,,
1090,HEWH (White),,,,13-May,y,,,,,,,
1091,HEWH (White),,,,13-May,y,,,,,,,
1092,CEOL (Orange),,,,13-May,y,,,,,,,
1093,ENCA (Pink),,,,13-May,y,,,,,,,
1094,CEOL (Orange),,,,13-May,y,,,,,,,
1095,ENCA (Pink),,,,13-May,y,,,,,,,
1096,HEWH (White),,,,13-May,y,,,,,,,
1097,CEOL (Orange),,,,13-May,y,,,,,,,
1098,HEWH (White),,,,14-May,y,,,,,,,
1099,CEOL (Orange),,,,13-May,y,,,,,,,
1100,SANI (Orange + Yellow),,,,13-May,y,,,,,,,
1101,RHOV (White + Pink),,,,7-May,y,,,,,,,
1102,RHOV (White + Pink),,,,7-May,y,,,,,,,
1103,SAAP (White + Green),,,,7-May,y,,,,,,,
1104,RHOV (White + Pink),,,,8-May,y,,,,,,,
1105,HEWH (White),,,,8-May,y,,,,,,,
1106,RHOV (White + Pink),,,,8-May,y,,,,,,,
1107,SANI (Orange + Yellow),,,,8-May,y,,,,,,,
1108,ADFA (Orange + Green),,,,8-May,y,,,,,,,
1109,ADFA (Orange + Green),,,,8-May,n,,,,,,,
1110,HEWH (White),,,,8-May,y,,,,,,,
1111,CEOL (Orange),,,,8-May,y,,,,,,,
1112,CEOL (Orange),,,,8-May,y,,,,,,,
1113,SAME (Orange + Pink),,,,8-May,y,,,,,,,
1114,ENCA (Pink),,,,8-May,y,,,,,,,
1115,RHOV (White + Pink),,,,8-May,y,,,,,,,
1116,HEWH (White),,,,8-May,y,,,,,,,
1117,ENCA (Pink),,,,14-May,y,,,,,,,
1118,RHOV (White + Pink),,,,8-May,y,,,,,,,
1119,CEOL (Orange),,,,8-May,y,looks eaten,,,,,,
1120,ADFA (Orange + Green),,,,8-May,y,,,,,,,
1121,CEOL (Orange),,,,8-May,y,,,,,,,
1122,ENCA (Pink),,,,8-May,y,,,,,,,
1123,HEWH (White),,,,8-May,y,,,,,,,
1124,RHOV (White + Pink),,,,8-May,y,,,,,,,
1125,SAAP (White + Green),,,,8-May,y,,,,,,,
1126,CEOL (Orange),,,,8-May,y,,,,,,,
1127,ADFA (Orange + Green),,,,8-May,y,,,,,,,
1128,HEWH (White),,,,8-May,y,,,,,,,
1129,ENCA (Pink),,,,8-May,y,,,,,,,
1130,SAME (Orange + Pink),,,,8-May,y,,,,,,,
1131,CEOL (Orange),,,,8-May,y,,,,,,,
1132,CEOL (Orange),,,,8-May,y,,,,,,,
1133,ENCA (Pink),,,,8-May,y,,,,,,,
1134,SAME (Orange + Pink),,,,8-May,y,,,,,,,
1135,ENCA (Pink),,,,8-May,y,,,,,,,
1136,ENCA (Pink),,,,8-May,y,,,,,,,
1137,MALA (White + Yellow),,,,8-May,n,,,,,,,
1138,RHOV (White + Pink),,,,13-May,np,,,,,,,
1139,SAME (Orange + Pink),,,,13-May,y,,,,,,,
1140,SAME (Orange + Pink),,,,13-May,y,,,,,,,
1141,HEWH (White),,,,14-May,y,,,,,,,
1142,CEOL (Orange),,,,14-May,y,,,,,,,
1143,MALA (White + Yellow),,,,14-May,np,,,,,,,
1144,HEWH (White),,,,14-May,y,,,,,,,
1145,SANI (Orange + Yellow),,,,14-May,y,,,,,,,
1146,HEWH (White),,,,14-May,np,,,,,,,
1147,HEWH (White),,,,14-May,y,,,,,,,
1148,CEOL (Orange),,,,14-May,y,,,,,,,
1149,SANI (Orange + Yellow),,,,14-May,y,,,,,,,
1150,HEWH (White),,,,14-May,np,,,,,,,
1151,CEOL (Orange),,,,14-May,y,,,,,,,
1152,HEAR,,,,14-May,y,,,,,,,
1153,MALA (White + Yellow),,,,14-May,y,,,,,,,
1154,SANI (Orange + Yellow),,,,14-May,y,,,,,,,
1155,SAAP (White + Green),,,,14-May,y,,,,,,,
1156,SAME (Orange + Pink),,,,14-May,y,,,,,,,
1157,HEWH (White),,,,14-May,np,,,,,,,
1158,SAAP (White + Green),,,,14-May,n,,,,,,,
1159,ADFA (Orange + Green),,,,14-May,y,,,,,,,
1160,HEWH (White),,,,14-May,y,,,,,,,
1161,ENCA (Pink),,,,14-May,np,,,,,,,
1162,ENCA (Pink),,,,14-May,np,,,,,,,
1163,SANI (Orange + Yellow),,,,14-May,np,,,,,,,
1164,SAME (Orange + Pink),,,,14-May,np,,,,,,,
1165,SAME (Orange + Pink),,,,14-May,np,,,,,,,
1166,RHOV (White + Pink),,,,14-May,np,,,,,,,
1167,HEWH (White),,,,14-May,y,,,,,,,
1168,MALA (White + Yellow),,,,14-May,y,,,,,,,
1169,SAME (Orange + Pink),,,,14-May,n,,,,,,,
1170,CEOL (Orange),,,,14-May,y,,,,,,,
1171,SANI (Orange + Yellow),,,,14-May,y,,,,,,,
1172,CEOL (Orange),,,,14-May,y,,,,,,,
1173,SANI (Orange + Yellow),,,,14-May,y,,,,,,,
1174,ENCA (Pink),,,,14-May,y,,,,,,,
1175,ADFA (Orange + Green),,,,14-May,y,,,,,,,
1176,ENCA (Pink),,,,14-May,y,,,,,,,
1177,RHOV (White + Pink),,,,14-May,y,,,,,,,
1178,RHOV (White + Pink),,,,14-May,np,,,,,,,
1179,ENCA (Pink),,,,14-May,y,,,,,,,
1180,MALA (White + Yellow),,,,14-May,y,,,,,,,
1181,CEOL (Orange),,,,14-May,y,,,,,,,
1182,HEWH (White),,,,14-May,y,,,,,,,
1183,ADFA (Orange + Green),,,,14-May,y,,,,,,,
1184,CEOL (Orange),,,,14-May,y,,,,,,,
1185,CEOL (Orange),,,,14-May,y,,,,,,,
1186,MALA (White + Yellow),,,,14-May,np,gopher,,,,,,
1187,RHOV (White + Pink),,,,14-May,y,,,,,,,
1188,CEOL (Orange),,,,14-May,y,,,,,,,
1189,CEOL (Orange),,,,14-May,y,,,,,,,
1190,CEOL (Orange),,,,14-May,y,,,,,,,
1191,ADFA (Orange + Green),,,,14-May,y,,,,,,,
1192,ENCA (Pink),,,,14-May,y,,,,,,,
1193,SAME (Orange + Pink),,,,14-May,y,,,,,,,
1194,ADFA (Orange + Green),,,,,,,,,,,,
1195,MALA (White + Yellow),,,,14-May,y,,,,,,,
1196,MALA (White + Yellow),,,,14-May,y,,,,,,,
1197,SANI (Orange + Yellow),,,,,,,,,,,,
1198,RHOV (White + Pink),,,,14-May,y,,,,,,,
1199,SAME (Orange + Pink),,,,14-May,y,,,,,,,
1200,ENCA (Pink),,,,14-May,y,,,,,,,
1201,ADFA (Orange + Green),,,,14-May,y,,,,,,,
1202,SAAP (White + Green),,,,14-May,n,,,,,,,
1203,HEWH (White),,,,14-May,y,,,,,,,
1204,RHOV (White + Pink),,,,14-May,y,,,,,,,
1205,SANI (Orange + Yellow),,,,14-May,y,,,,,,,
1206,CEOL (Orange),,,,7-May,y,,,,,,,
1207,SANI (Orange + Yellow),,,,14-May,y,,,,,,,
1208,HEWH (White),,,,14-May,np,,,,,,,
1209,ADFA (Orange + Green),,,,22-May,y,,,,,,,
1210,SAAP (White + Green),,,,14-May,np,,,,,,,
1211,SANI (Orange + Yellow),,,,7-May,y,,,,,,,
1212,CEOL (Orange),,,,7-May,y,,,,,,,
1213,ENCA (Pink),,,,14-May,y,,,,,,,
1214,SAAP (White + Green),,,,14-May,np,,,,,,,
1215,RHOV (White + Pink),,,,13-May,y,,,,,,,
1216,SAME (Orange + Pink),,,,13-May,np,,,,,,,
1217,RHOV (White + Pink),,,,14-May,np,,,,,,,
1218,MALA (White + Yellow),,,,13-May,y,,,,,,,
1219,CEOL (Orange),,,,14-May,y,,,,,,,
1220,SAAP (White + Green),,,,7-May,y,,,,,,,
1221,ENCA (Pink),,,,14-May,y,watered 2x,,,,,,
1222,ADFA (Orange + Green),,,,14-May,y,,,,,,,
1223,HEWH (White),,,,14-May,y,,,,,,,
1224,ADFA (Orange + Green),,,,22-May,n,,,,,,,
1225,MALA (White + Yellow),,,,14-May,y,,,,,,,
1226,ENCA (Pink),,,,14-May,y,,,,,,,
1227,ADFA (Orange + Green),,,,13-May,y,,,,,,,
1228,CEOL (Orange),,,,13-May,y,,,,,,,
1229,HEWH (White),,,,13-May,np,,,,,,,
1230,SAAP (White + Green),,,,14-May,n,,,,,,,
1231,HEAR,,,,14-May,y,,,,,,,
1232,HEWH (White),,,,14-May,y,,,,,,,
1233,SAME (Orange + Pink),,,,14-May,n,murdered by shane,,,,,,
1234,CEOL (Orange),,,,13-May,y,,,,,,,
1235,MALA (White + Yellow),,,,22-May,y,,,,,,,
1236,RHOV (White + Pink),,,,13-May,y,,,,,,,
1237,RHOV (White + Pink),,,,13-May,y,,,,,,,
1238,ADFA (Orange + Green),,,,14-May,y,,,,,,,
1239,ADFA (Orange + Green),,,,13-May,y,,,,,,,
1240,ADFA (Orange + Green),,,,14-May,y,,,,,,,
1241,HEWH (White),,,,14-May,y,,,,,,,
1242,SANI (Orange + Yellow),,,,14-May,y,,,,,,,
1243,ADFA (Orange + Green),,,,14-May,n,,,,,,,
1244,RHOV (White + Pink),,,,22-May,y,,,,,,,
1245,ADFA (Orange + Green),,,,8-May,y,,,,,,,
1246,SANI (Orange + Yellow),,,,14-May,y,,,,,,,
1247,ADFA (Orange + Green),,,,22-May,y,gopher activity,,,,,,
1248,SANI (Orange + Yellow),,,,14-May,y,,,,,,,
1249,ADFA (Orange + Green),,,,22-May,y,,,,,,,
1250,RHOV (White + Pink),,,,22-May,y,,,,,,,
1251,ENCA (Pink),,,,14-May,y,,,,,,,
1252,HEWH (White),,,,14-May,y,,,,,,,
1253,RHOV (White + Pink),,,,22-May,y,,,,,,,
1254,CEOL (Orange),,,,22-May,np,,,,,,,
1255,RHOV (White + Pink),,,,14-May,y,,,,,,,
1256,HEWH (White),,,,14-May,y,,,,,,,
1257,RHOV (White + Pink),,,,13-May,y,,,,,,,
1258,RHOV (White + Pink),,,,14-May,y,,,,,,,
1259,CEOL (Orange),,,,14-May,y,,,,,,,
1260,RHOV (White + Pink),,,,14-May,y,,,,,,,
1261,RHOV (White + Pink),,,,14-May,np,gopher,,,,,,
1262,MALA (White + Yellow),,,,14-May,y,,,,,,,
1263,SANI (Orange + Yellow),,,,14-May,y,,,,,,,
1264,RHOV (White + Pink),,,,14-May,y,,,,,,,
1265,HEWH (White),,,,7-May,y,,,,,,,
1266,RHOV (White + Pink),,,,7-May,y,,,,,,,
1267,CEOL (Orange),,,,7-May,y,,,,,,,
1268,HEWH (White),,,,8-May,y,,,,,,,
1269,MALA (White + Yellow),,,,7-May,n,,,,,,,
1270,ADFA (Orange + Green),,,,7-May,n,,,,,,,
1271,SAME (Orange + Pink),,,,,,,,,,,,
1272,ENCA (Pink),,,,,,,,,,,,
1273,ENCA (Pink),,,,,,,,,,,,
1274,ADFA (Orange + Green),,,,14-May,y,,,,,,,
1275,ADFA (Orange + Green),,,,7-May,y,,,,,,,
1276,RHOV (White + Pink),,,,7-May,y,,,,,,,
1277,MALA (White + Yellow),,,,22-May,y,,,,,,,
1278,SANI (Orange + Yellow),,,,14-May,y,,,,,,,
1279,HEWH (White),,,,14-May,y,,,,,,,
1280,SANI (Orange + Yellow),,,,14-May,y,,,,,,,
1281,CEOL (Orange),,,,14-May,y,watered 2x,,,,,,
1282,CEOL (Orange),,,,,,,,,,,,
1283,ENCA (Pink),,,,,,not planted no cut,,,,,,
1284,HEWH (White),,,,22-May,y,,,,,,,
1285,CEOL (Orange),,,,14-May,y,,,,,,,
1286,HEWH (White),,,,8-May,y,,,,,,,
1287,HEWH (White),,,,14-May,y,,,,,,,
1288,SAAP (White + Green),,,,8-May,y,,,,,,,
1289,ADFA (Orange + Green),,,,8-May,y,,,,,,,
1290,HEAR,,,,14-May,n,,,,,,,
1291,SAME (Orange + Pink),,,,14-May,y,,,,,,,
1292,ENCA (Pink),,,,14-May,y,,,,,,,
1293,HEWH (White),,,,14-May,y,,,,,,,
1294,RHOV (White + Pink),,,,14-May,y,,,,,,,
1295,CEOL (Orange),,,,22-May,np,,,,,,,
1296,MALA (White + Yellow),,,,14-May,y,,,,,,,
1297,HEWH (White),,,,14-May,y,,,,,,,
1298,ADFA (Orange + Green),,,,22-May,y,,,,,,,
1299,CEOL (Orange),,,,22-May,y,,,,,,,
1300,ENCA (Pink),,,,6-May,np,,,,,,,
1301,ADFA (Orange + Green),,,,13-May,y,,,,,,,
1302,HEWH (White),,,,13-May,y,,,,,,,
1303,ENCA (Pink),,,,13-May,y,,,,,,,
1304,ENCA (Pink),,,,13-May,y,,,,,,,
1305,ADFA (Orange + Green),,,,13-May,y,,,,,,,
1306,MALA (White + Yellow),,,,13-May,y,,,,,,,
1307,SAAP (White + Green),,,,22-May,y,,,,,,,
1308,ENCA (Pink),,,,13-May,y,,,,,,,
1309,HEWH (White),,,,,,not planted no cut,,,,,,
1310,RHOV (White + Pink),,,,13-May,y,,,,,,,
1311,HEWH (White),,,,13-May,y,,,,,,,
1312,RHOV (White + Pink),,,,13-May,y,,,,,,,
1313,RHOV (White + Pink),,,,13-May,y,,,,,,,
1314,SAME (Orange + Pink),,,,13-May,y,,,,,,,
1315,ENCA (Pink),,,,13-May,y,,,,,,,
1316,SAME (Orange + Pink),,,,8-May,y,,,,,,,
1317,HEWH (White),,,,8-May,y,,,,,,,
1318,SANI (Orange + Yellow),,,,13-May,y,,,,,,,
1319,SAAP (White + Green),,,,13-May,y,,,,,,,
1320,SAME (Orange + Pink),,,,13-May,y,,,,,,,
1321,CEOL (Orange),,,,13-May,y,,,,,,,
1322,RHOV (White + Pink),,,,13-May,y,,,,,,,
1323,HEWH (White),,,,13-May,y,,,,,,,
1324,SAME (Orange + Pink),,,,13-May,y,,,,,,,
1325,SAME (Orange + Pink),,,,13-May,y,,,,,,,
1326,MALA (White + Yellow),,,,13-May,y,ARCA volunteer in plot,,,,,,
1327,SANI (Orange + Yellow),,,,13-May,y,,,,,,,
1328,SAME (Orange + Pink),,,,13-May,y,,,,,,,
1329,HEWH (White),,,,13-May,y,,,,,,,
1330,ENCA (Pink),,,,13-May,y,,,,,,,
1331,SAME (Orange + Pink),,,,13-May,y,,,,,,,
1332,ENCA (Pink),,,,13-May,y,,,,,,,
1333,HEWH (White),,,,13-May,y,,,,,,,
1334,HEWH (White),,,,13-May,y,,,,,,,
1335,ENCA (Pink),,,,13-May,y,,,,,,,
1336,RHOV (White + Pink),,,,13-May,y,,,,,,,
1337,MALA (White + Yellow),,,,13-May,y,,,,,,,
1338,CEOL (Orange),,,,13-May,y,,,,,,,
1339,HEWH (White),,,,13-May,y,,,,,,,
1340,CEOL (Orange),,,,13-May,y,,,,,,,
1341,SANI (Orange + Yellow),,,,13-May,y,,,,,,,
1342,ENCA (Pink),,,,13-May,y,,,,,,,
1343,SAAP (White + Green),,,,13-May,y,,,,,,,
1344,CEOL (Orange),,,,13-May,y,,,,,,,
1345,RHOV (White + Pink),,,,13-May,y,,,,,,,
1346,HEWH (White),,,,13-May,y,,,,,,,
1347,ADFA (Orange + Green),,,,13-May,y,,,,,,,
1348,MALA (White + Yellow),,,,13-May,n,,,,,,,
1349,SAME (Orange + Pink),,,,13-May,y,,,,,,,
1350,RHOV (White + Pink),,,,13-May,y,,,,,,,
1351,ADFA (Orange + Green),,,,13-May,y,,,,,,,
1352,CEOL (Orange),,,,13-May,y,,,,,,,
1353,RHOV (White + Pink),,,,13-May,y,,,,,,,
1354,HEWH (White),,,,13-May,y,,,,,,,
1355,SANI (Orange + Yellow),,,,13-May,y,,,,,,,
1356,RHOV (White + Pink),,,,13-May,y,,,,,,,
1357,ENCA (Pink),,,,13-May,y,,,,,,,
1358,CEOL (Orange),,,,13-May,y,,,,,,,
1359,ADFA (Orange + Green),,,,13-May,n,,,,,,,
1360,CEOL (Orange),,,,14-May,y,,,,,,,
1361,ENCA (Pink),,,,14-May,y,,,,,,,
1362,ADFA (Orange + Green),,,,14-May,y,,,,,,,
1363,SAME (Orange + Pink),,,,14-May,np,,,,,,,
1364,RHOV (White + Pink),,,,14-May,y,gopher,,,,,,
1365,ENCA (Pink),,,,14-May,y,,,,,,,
1366,SAAP (White + Green),,,,14-May,y,,,,,,,
1367,RHOV (White + Pink),,,,14-May,y,,,,,,,
1368,RHOV (White + Pink),,,,14-May,y,gopher,,,,,,
1369,ENCA (Pink),,,,14-May,y,,,,,,,
1370,HEWH (White),,,,14-May,y,,,,,,,
1371,CEOL (Orange),,,,14-May,y,,,,,,,
1372,HEWH (White),,,,14-May,y,,,,,,,
1373,MALA (White + Yellow),,,,14-May,y,,,,,,,
1374,SANI (Orange + Yellow),,,,14-May,np,gopher,,,,,,
1375,CEOL (Orange),,,,14-May,y,,,,,,,
1376,HEAR,,,,14-May,y,,,,,,,
1377,SANI (Orange + Yellow),,,,14-May,y,,,,,,,
1378,SAME (Orange + Pink),,,,14-May,y,,,,,,,
1379,HEWH (White),,,,14-May,y,,,,,,,
1380,RHOV (White + Pink),,,,14-May,y,,,,,,,
1381,CEOL (Orange),,,,14-May,y,,,,,,,
1382,SAME (Orange + Pink),,,,14-May,y,,,,,,,
1383,RHOV (White + Pink),,,,22-May,y,,,,,,,
1384,CEOL (Orange),,,,22-May,y,,,,,,,
1385,SAAP (White + Green),,,,14-May,np,,,,,,,
1386,RHOV (White + Pink),,,,14-May,y,,,,,,,
1387,CEOL (Orange),,,,14-May,y,,,,,,,
1388,CEOL (Orange),,,,14-May,y,,,,,,,
1389,HEWH (White),,,,14-May,y,,,,,,,
1390,RHOV (White + Pink),,,,7-May,y,,,,,,,
1391,CEOL (Orange),,,,22-May,y,,,,,,,
1392,CEOL (Orange),,,,22-May,y,,,,,,,
1393,SANI (Orange + Yellow),,,,13-May,y,,,,,,,
1394,ADFA (Orange + Green),,,,14-May,y,,,,,,,
1395,ADFA (Orange + Green),,,,14-May,y,,,,,,,
1396,HEWH (White),,,,14-May,y,,,,,,,
1397,MALA (White + Yellow),,,,14-May,y,,,,,,,
1398,HEWH (White),,,,14-May,y,,,,,,,
1399,RHOV (White + Pink),,,,14-May,y,,,,,,,
1400,SAAP (White + Green),,,,14-May,y,,,,,,,
1401,CEOL (Orange),,,,22-May,y,watered 2x,,,,,,
1402,RHOV (White + Pink),,,,22-May,y,,,,,,,
1403,MALA (White + Yellow),,,,14-May,y,,,,,,,
1404,HEAR,,,,6-May,y,,,,,,,
1405,RHOV (White + Pink),,,,14-May,y,,,,,,,
1406,CEOL (Orange),,,,14-May,y,,,,,,,
1407,HEAR,,,,6-May,y,,,,,,,
1408,RHOV (White + Pink),,,,,,,,,,,,
1409,HEAR,,,,6-May,y,,,,,,,
1410,HEAR,,,,6-May,y,,,,,,,
1411,HEAR,,,,6-May,y,,,,,,,
1412,RHOV (White + Pink),,,,14-May,y,,,,,,,
1413,RHOV (White + Pink),,,,14-May,y,,,,,,,
1414,RHOV (White + Pink),,,,14-May,y,,,,,,,
1415,HEAR,,,,6-May,N,,,,,,,
1416,HEAR,,,,6-May,Y,,,,,,,
1417,HEAR,,,,6-May,Y,,,,,,,
1418,ADFA (Orange + Green),,,,14-May,Y,,,,,,,
1419,SAAP (White + Green),,,,14-May,Y,,,,,,,
1420,HEAR,,,,6-May,N,gopher,,,,,,
1421,HEAR,,,,6-May,Y,,,,,,,
1422,HEAR,,,,7-May,Y,,,,,,,
1423,HEAR,,,,7-May,Y,,,,,,,
1424,HEAR,,,,6-May,N,,,,,,,
1425,HEAR,,,,6-May,Y,,,,,,,
1426,HEAR,,,,7-May,NP,,,,,,,
1427,HEAR,,,,7-May,Y,,,,,,,
1428,HEAR,,,,7-May,Y,,,,,,,
1429,HEAR,,,,7-May,Y,,,,,,,
1430,HEAR,,,,7-May,N,,,,,,,
1431,HEAR,,,,7-May,Y,,,,,,,
1432,HEAR,,,,8-May,Y,,,,,,,
1433,HEAR,,,,,,,,,,,,
1434,HEAR,,,,7-May,N,,,,,,,
1435,HEAR,,,,8-May,Y,,,,,,,
1436,HEAR,,,,,,,,,,,,
1437,HEAR,,,,7-May,Y,,,,,,,
1438,HEAR,,,,14-May,NP,,,,,,,
1439,HEAR,,,,14-May,Y,,,,,,,
1440,HEAR,,,,6-May,Y,,,,,,,
1441,HEAR,,,,,,,,,,,,
1442,HEAR,,,,7-May,NP,,,,,,,
1443,HEAR,,,,8-May,NP,,,,,,,
1444,HEAR,,,,8-May,Y,,,,,,,
1445,HEAR,,,,6-May,Y,,,,,,,
1446,HEAR,,,,7-May,Y,,,,,,,
1447,HEAR,,,,7-May,Y,,,,,,,
1448,HEAR,,,,7-May,Y,,,,,,,
1449,HEAR,,,,7-May,NP,,,,,,,
1450,HEAR,,,,7-May,Y,,,,,,,
1451,HEAR,,,,7-May,NP,GOPHER,,,,,,
1452,HEAR,,,,14-May,NP,GOPHER,,,,,,
1453,HEAR,,,,7-May,Y,,,,,,,
1454,HEAR,,,,6-May,Y,,,,,,,
1455,HEAR,,,,6-May,Y,,,,,,,
1456,HEAR,,,,6-May,Y,,,,,,,
1457,HEAR,,,,7-May,Y,,,,,,,
1458,HEAR,,,,8-May,Y,,,,,,,
1459,HEAR,,,,7-May,Y,,,,,,,
1460,HEAR,,,,7-May,Y,,,,,,,
1461,HEAR,,,,7-May,Y,,,,,,,
1462,ADFA,,,,7-May,Y,,,,,,,
1463,ADFA,,,,7-May,Y,,,,,,,
1464,ADFA,,,,14-May,Y,,,,,,,
1465,ADFA,,,,7-May,Y,,,,,,,
1466,ADFA,,,,7-May,Y,,,,,,,
1467,ADFA,,,,7-May,Y,,,,,,,
1468,ADFA,,,,6-May,Y,,,,,,,
1469,ADFA,,,,7-May,Y,,,,,,,
1470,ADFA,,,,7-May,Y,,,,,,,
1471,ADFA,,,,6-May,Y,,,,,,,
1472,ADFA,,,,6-May,Y,,,,,,,
1473,ADFA,,,,6-May,Y,,,,,,,
1474,ADFA,,,,6-May,Y,,,,,,,
1475,ADFA,,,,6-May,Y,,,,,,,
1476,ADFA,,,,6-May,Y,,,,,,,
1477,ADFA,,,,7-May,Y,,,,,,,
1478,HEAR,,,,13-May,Y,,,,,,,
1479,SANI,,,,6-May,Y,,,,,,,
1480,HEAR,,,,8-May,Y,,,,,,,
1481,HEAR,,,,22-May,N,,,,,,,
1482,HEAR,,,,15-May,Y,,,,,,,
1483,HEAR,,,,15-May,Y,,,,,,,
1484,HEAR,,,,15-May,Y,,,,,,,
1485,HEAR,,,,8-May,Y,,,,,,,
1486,HEAR,,,,7-May,Y,,,,,,,
1487,HEAR,,,,6-May,NP,,,,,,,
1488,HEAR,,,,7-May,N,,,,,,,
1489,HEAR,,,,,,,,,,,,
1490,HEAR,,,,,,,,,,,,
1491,HEAR,,,,7-May,NP,,,,,,,
1492,HEAR,,,,7-May,Y,,,,,,,
1493,HEAR,,,,6-May,Y,GOPHER ACTIVITY,,,,,,
1494,HEAR,,,,6-May,Y,,,,,,,
1495,HEAR,,,,7-May,y,,,,,,,
1496,HEAR,,,,6-May,Y,,,,,,,
1497,HEAR,,,,7-May,NP,,,,,,,
1498,HEAR,,,,6-May,N,,,,,,,
1499,HEAR,,,,7-May,NP,,,,,,,
1500,HEAR,,,,7-May,Y,,,,,,,
1501,SAME,,,,,,,,,,,,
1502,SANI,,,,6-May,Y,,,,,,,
1503,SAME,,,,6-May,Y,,,,,,,
1504,SAME,,,,6-May,Y,,,,,,,
1505,SANI,,,,6-May,Y,,,,,,,
1506,SANI,,,,6-May,Y,,,,,,,
1507,HEAR,,,,6-May,Y,,,,,,,
1508,HEAR,,,,7-May,Y,,,,,,,
1509,HEAR,,,,6-May,NP,,,,,,,
1510,HEAR,,,,22-May,Y,,,,,,,
1511,HEAR,,,,7-May,Y,,,,,,,
1512,HEAR,,,,8-May,NP,,,,,,,
1513,HEAR,,,,7-May,Y,,,,,,,
1514,HEAR,,,,13-May,Y,,,,,,,
1515,HEAR,,,,7-May,Y,,,,,,,
1516,SAME (Orange + Pink),,,,,,,,,,,,
1517,SAME,,,,13-May,Y,,,,,,,
1518,HEAR,,,,8-May,Y,,,,,,,
1519,HEAR,,,,6-May,Y,,,,,,,
1520,HEAR,,,,6-May,Y,,,,,,,
1521,HEAR,,,,,,,,,,,,
1522,HEAR,,,,8-May,NP,,,,,,,
1523,HEAR,,,,13-May,Y,,,,,,,
1524,HEAR,,,,13-May,Y,,,,,,,
1525,HEAR,,,,8-May,Y,,,,,,,
1526,HEAR,,,,,,,,,,,,
1527,HEAR,,,,8-May,Y,,,,,,,
1528,HEAR,,,,13-May,Y,,,,,,,
1529,HEAR,,,,13-May,N,,,,,,,
1530,HEAR,,,,14-May,Y,,,,,,,
1531,SANI,,,,7-May,Y,,,,,,,
1532,SAME,,,,7-May,Y,,,,,,,
1533,SANI ,,,,6-May,Y,,,,,,,
1534,SANI,,,,7-May,Y,,,,,,,
1535,HEAR,,,,14-May,NP,,,,,,,
1536,HEAR,,,,14-May,NP,,,,,,,
1537,HEAR,,,,14-May,Y,,,,,,,
1538,HEAR,,,,13-May,Y,GOPHER,,,,,,
1539,HEAR,,,,14-May,Y,,,,,,,
1540,SANI,,,,7-May,Y,,,,,,,
1541,SANI,,,,8-May,Y,,,,,,,
1542,SAME,,,,7-May,Y,,,,,,,
1543,SAME,,,,6-May,Y,,,,,,,
1544,SANI,,,,7-May,Y,,,,,,,
1545,SAME,,,,6-May,Y,,,,,,,
1546,SAME,,,,6-May,Y,,,,,,,
1547,SANI,,,,7-May,Y,,,,,,,
1548,SANI,,,,6-May,Y,,,,,,,
1549,SAME,,,,6-May,Y,,,,,,,
1550,SANI,,,,22-May,Y,,,,,,,
1551,SANI,,,,6-May,Y,,,,,,,
1552,SANI,,,,8-May,Y,,,,,,,
1553,SANI,,,,8-May,Y,,,,,,,
1554,SAME,,,,8-May,Y,,,,,,,
1555,SAME,,,,8-May,Y,,,,,,,
1556,SAME,,,,13-May,NP,,,,,,,
1557,SANI,,,,13-May,Y,,,,,,,
1558,SAME,,,,13-May,Y,,,,,,,
1559,SANI,,,,13-May,Y,,,,,,,
1560,SANI,,,,13-May,Y,,,,,,,
1561,SANI,,,,13-May,Y,,,,,,,
1562,SAME,,,,13-May,Y,,,,,,,
1563,SANI,,,,13-May,NP,,,,,,,
1564,SANI,,,,14-May,NP,,,,,,,
1565,SAME,,,,14-May,NP,,,,,,,
1566,SANI,,,,14-May,NP,,,,,,,
1567,SAME,,,,14-May,Y,,,,,,,
1568,SANI,,,,14-May,Y,,,,,,,
1569,SANI,,,,14-May,Y,,,,,,,
1570,SAME,,,,7-May,Y,,,,,,,
1571,SANI,,,,14-May,Y,,,,,,,
1572,SAME,,,,13-May,N,,,,,,,
1573,SANI,,,,13-May,NP,,,,,,,
1574,SANI,,,,6-May,Y,,,,,,,
1575,SAME,,,,7-May,Y,,,,,,,
1576,SANI,,,,22-May,Y,,,,,,,
1577,SANI,,,,7-May,Y,,,,,,,
1578,SANI,,,,7-May,NP,,,,,,,
1579,SANI,,,,7-May,Y,,,,,,,
1580,SAME,,,,7-May,Y,,,,,,,
1581,SANI,,,,7-May,Y,,,,,,,
1582,SAME,,,,22-May,Y,,,,,,,
1583,SAME,,,,6-May,Y,,,,,,,
1584,SAME,,,,6-May,Y,,,,,,,
1585,SANI,,,,6-May,Y,,,,,,,
1586,SANI,,,,6-May,Y,,,,,,,
1587,SANI,,,,6-May,Y,,,,,,,
1588,SAME,,,,14-May,Y,,,,,,,
1589,SANI,,,,8-May,Y,,,,,,,
1590,HEAR,,,,15-May,Y,,,,,,,
1591,HEAR,,,,15-May,NP,,,,,,,
1592,HEAR,,,,8-May,Y,5/15 np,,,,,,
1593,HEAR,,,,15-May,Y,,,,,,,
1594,SANI,,,,7-May,Y,,,,,,,
1595,SAME,,,,7-May,Y,,,,,,,
1596,SAME,,,,8-May,Y,,,,,,,
1597,SANI,,,,8-May,NP,,,,,,,
1598,SAME,,,,8-May,Y,,,,,,,
1599,SANI,,,,7-May,Y,,,,,,,
1600,SANI,,,,6-May,Y,,,,,,,
1601,SAME,,,,22-May,Y,,,,,,,
1602,SANI,,,,15-May,Y,,,,,,,
1603,SANI,,,,8-May,NP,,,,,,,
1604,SAME,,,,6-May,Y,,,,,,,
1605,HEAR,,,,15-May,Y,,,,,,,
1606,SAME,,,,8-May,Y,,,,,,,
1607,SANI,,,,7-May,Y,,,,,,,
1608,SAME,,,,7-May,Y,,,,,,,
1609,SANI,,,,8-May,Y,,,,,,,
1610,SAME,,,,8-May,Y,,,,,,,
1611,SANI,,,,8-May,Y,,,,,,,
1612,SAME,,,,7-May,Y,,,,,,,
1613,SANI,,,,8-May,Y,,,,,,,
1614,ADFA,,,,14-May,Y,,,,,,,
1615,SAME,,,,6-May,Y,,,,,,,
1616,SANI,,,,6-May,N,,,,,,,
1617,ADFA,,,,14-May,Y,,,,,,,
1618,HEAR,,,,15-May,Y,,,,,,,
1619,SANI,,,,6-May,NP,,,,,,,
1620,ADFA,,,,14-May,Y,,,,,,,
1621,ADFA,,,,13-May,Y,,,,,,,
1622,ADFA,,,,14-May,Y,,,,,,,
1623,ADFA,,,,14-May,Y,,,,,,,
1624,ADFA,,,,13-May,Y,,,,,,,
1625,ADFA,,,,13-May,Y,,,,,,,
1626,ADFA,,,,,,,,,,,,
1627,ADFA,,,,7-May,Y,,,,,,,
1628,ADFA,,,,6-May,Y,,,,,,,
1629,HEAR,,,,7-May,Y,,,,,,,
1630,ADFA,,,,7-May,Y,,,,,,,
1631,ADFA,,,,7-May,Y,,,,,,,
1632,ADFA,,,,8-May,Y,,,,,,,
1633,ADFA,,,,8-May,Y,,,,,,,
1634,HEAR,,,,6-May,Y,,,,,,,
1635,ADFA,,,,6-May,Y,FLOWERING,,,,,,
1636,ADFA,,,,,,,,,,,,
1637,ADFA,,,,6-May,N,,,,,,,
1638,HEAR,,,,15-May,Y,,,,,,,
1639,ADFA,,,,15-May,Y,,,,,,,
1640,SANI,,,,14-May,Y,,,,,,,
1641,ADFA,,,,15-May,Y,,,,,,,
1642,HEAR,,,,22-May,N,DEAD MATERIAL,,,,,,
1643,HEAR,,,,15-May,Y,,,,,,,
1644,ADFA,,,,7-May,Y,,,,,,,
1645,ADFA,,,,7-May,y,,,,,,,
1646,ADFA,,,,8-May,Y,,,,,,,
1647,SAME,,,,8-May,Y,,,,,,,
1648,SANI,,,,14-May,Y,,,,,,,
1649,SAME,,,,14-May,Y,,,,,,,
1650,SANI,,,,14-May,Y,,,,,,,
1651,SAME,,,,8-May,Y,,,,,,,
1652,SANI,,,,7-May,NP,,,,,,,
1653,SAME,,,,7-May,Y,,,,,,,
1654,SANI,,,,8-May,Y,,,,,,,
1655,SAME,,,,15-May,Y,,,,,,,
1656,SAME,,,,6-May,Y,,,,,,,
1657,SANI,,,,6-May,Y,,,,,,,
1658,SANI,,,,22-May,Y,,,,,,,
1659,SAME,,,,6-May,Y,,,,,,,
1660,SAME,,,,,,,,,,,,
1661,SAME,,,,8-May,Y,,,,,,,
1662,SAME,,,,7-May,Y,,,,,,,
1663,SANI,,,,7-May,Y,,,,,,,
1664,SANI,,,,15-May,Y,,,,,,,
1665,SANI,,,,6-May,Y,,,,,,,
1666,SAME,,,,6-May,Y,,,,,,,
